--------------------------------------------------------
--  DDL for Table BESCHRAENKUNGEN
--------------------------------------------------------

  CREATE TABLE "BESCHRAENKUNGEN" 
   (	"BESCHR_ID" NUMBER(9,0), 
	"TEXT" VARCHAR2(20), 
	"BEMERKUNGEN" VARCHAR2(20)
   ) ;
--------------------------------------------------------
--  DDL for Table BESITZT_FUEHRERSCHEIN
--------------------------------------------------------

  CREATE TABLE "BESITZT_FUEHRERSCHEIN" 
   (	"BESITZT_ID" NUMBER(9,0), 
	"FKLASSEN_ID" NUMBER(9,0), 
	"MITA_ID" NUMBER(9,0), 
	"SEIT" CHAR(18)
   ) ;
--------------------------------------------------------
--  DDL for Table BESTEHEN
--------------------------------------------------------

  CREATE TABLE "BESTEHEN" 
   (	"BESTEHT_ID" NUMBER(9,0), 
	"LINIEN_ID" NUMBER(9,0), 
	"KANTEN_ID" NUMBER(9,0), 
	"FORTLAUFENDE_NR" NUMBER(3,0)
   ) ;
--------------------------------------------------------
--  DDL for Table BUSFAHRER
--------------------------------------------------------

  CREATE TABLE "BUSFAHRER" 
   (	"MITA_ID" NUMBER(9,0), 
	"STUNDENLOHN" NUMBER(4,2)
   ) ;
--------------------------------------------------------
--  DDL for Table BUSSE
--------------------------------------------------------

  CREATE TABLE "BUSSE" 
   (	"FAHRZEUG_ID" NUMBER(9,0), 
	"ANZAHL_SITZPLAETZE" NUMBER(3,0), 
	"KFZ_KNZ" VARCHAR2(15), 
	"NAECHSTE_HU" DATE, 
	"NAECHSTE_ASU" DATE, 
	"ANGEMELDET_AM" DATE, 
	"ABGEMELDET_AM" DATE
   ) ;
--------------------------------------------------------
--  DDL for Table EINSATZPLAN
--------------------------------------------------------

  CREATE TABLE "EINSATZPLAN" 
   (	"EINPLAN_ID" NUMBER(9,0), 
	"TAG" DATE, 
	"FAHRT_ID" NUMBER(9,0), 
	"FAHRZEUG_ID" NUMBER(9,0), 
	"MITA_ID" NUMBER(9,0)
   ) ;
--------------------------------------------------------
--  DDL for Table FAHRTEN
--------------------------------------------------------

  CREATE TABLE "FAHRTEN" 
   (	"FAHRT_ID" NUMBER(9,0), 
	"LINIEN_ID" NUMBER(9,0), 
	"ABFAHRTZEIT" DATE, 
	"RICHTUNG" VARCHAR2(25)
   ) ;
--------------------------------------------------------
--  DDL for Table FUEHRERSCHEINKLASSEN
--------------------------------------------------------

  CREATE TABLE "FUEHRERSCHEINKLASSEN" 
   (	"FKLASSEN_ID" NUMBER(9,0), 
	"KUERZEL" VARCHAR2(5), 
	"BEZEICHNUNG" VARCHAR2(30), 
	"ERKLAERUNG" VARCHAR2(20), 
	"MAX_SITZE" NUMBER(3,0)
   ) ;
--------------------------------------------------------
--  DDL for Table HALTESTELLE
--------------------------------------------------------

  CREATE TABLE "HALTESTELLE" 
   (	"HALTESTELLEN_ID" NUMBER(9,0), 
	"NAME_DER_HALTESTELLE" VARCHAR2(35), 
	"X_KOORDINATE" VARCHAR2(25), 
	"Y_KOORDINATE" VARCHAR2(25)
   ) ;
--------------------------------------------------------
--  DDL for Table INSPEKTIONEN
--------------------------------------------------------

  CREATE TABLE "INSPEKTIONEN" 
   (	"INSPEK_ID" NUMBER(9,0), 
	"AM" DATE, 
	"FIRMA" VARCHAR2(20), 
	"FAHRZEUG_ID" NUMBER(9,0), 
	"BEMERKUNGEN" VARCHAR2(200)
   ) ;
--------------------------------------------------------
--  DDL for Table LINIE
--------------------------------------------------------

  CREATE TABLE "LINIE" 
   (	"LINIEN_ID" NUMBER(9,0), 
	"BEZEICHNUNG" VARCHAR2(10)
   ) ;
--------------------------------------------------------
--  DDL for Table LINIE_BESCHRAENKUNGEN
--------------------------------------------------------

  CREATE TABLE "LINIE_BESCHRAENKUNGEN" 
   (	"LINIEN_ID" NUMBER(9,0), 
	"BESCHR_ID" NUMBER(9,0)
   ) ;
--------------------------------------------------------
--  DDL for Table MITARBEITER
--------------------------------------------------------

  CREATE TABLE "MITARBEITER" 
   (	"MITA_ID" NUMBER(9,0), 
	"VORNAME" VARCHAR2(20), 
	"NACHNAME" VARCHAR2(25), 
	"STRASSE" VARCHAR2(30), 
	"ORT" VARCHAR2(30), 
	"PLZ" NUMBER(5,0), 
	"LOHNST_KLASSE" NUMBER(1,0), 
	"KONFESSION" VARCHAR2(3)
   ) ;
--------------------------------------------------------
--  DDL for Table NICHTBUSFAHRER
--------------------------------------------------------

  CREATE TABLE "NICHTBUSFAHRER" 
   (	"MITA_ID" NUMBER(9,0), 
	"GEHALT" NUMBER(9,2), 
	"TAETIGKEIT" VARCHAR2(20)
   ) ;
--------------------------------------------------------
--  DDL for Table VERBINDUNG
--------------------------------------------------------

  CREATE TABLE "VERBINDUNG" 
   (	"KANTEN_ID" NUMBER(9,0), 
	"VON" NUMBER(9,0), 
	"BIS" NUMBER(9,0), 
	"FAHRZEIT" NUMBER(5,2), 
	"FAHRSTRECKE" NUMBER(5,2)
   ) ;
Insert into BESCHRAENKUNGEN (BESCHR_ID,TEXT,BEMERKUNGEN) values ('1','Nur an Feiertagen','F');
Insert into BESCHRAENKUNGEN (BESCHR_ID,TEXT,BEMERKUNGEN) values ('2','Nur an Schultagen','S');
Insert into BESCHRAENKUNGEN (BESCHR_ID,TEXT,BEMERKUNGEN) values ('3','Nicht an Feiertagen','NF');
Insert into BESITZT_FUEHRERSCHEIN (BESITZT_ID,FKLASSEN_ID,MITA_ID,SEIT) values ('6','3','10','12.05.01');
Insert into BESITZT_FUEHRERSCHEIN (BESITZT_ID,FKLASSEN_ID,MITA_ID,SEIT) values ('1','1','10','15.09.00');
Insert into BESITZT_FUEHRERSCHEIN (BESITZT_ID,FKLASSEN_ID,MITA_ID,SEIT) values ('2','2','10','08.04.97');
Insert into BESITZT_FUEHRERSCHEIN (BESITZT_ID,FKLASSEN_ID,MITA_ID,SEIT) values ('3','1','11','01.12.02');
Insert into BESITZT_FUEHRERSCHEIN (BESITZT_ID,FKLASSEN_ID,MITA_ID,SEIT) values ('4','3','12','14.06.00');
Insert into BESITZT_FUEHRERSCHEIN (BESITZT_ID,FKLASSEN_ID,MITA_ID,SEIT) values ('5','1','12','28.11.07');
Insert into BESTEHEN (BESTEHT_ID,LINIEN_ID,KANTEN_ID,FORTLAUFENDE_NR) values ('1','1','1','1');
Insert into BESTEHEN (BESTEHT_ID,LINIEN_ID,KANTEN_ID,FORTLAUFENDE_NR) values ('2','1','2','2');
Insert into BESTEHEN (BESTEHT_ID,LINIEN_ID,KANTEN_ID,FORTLAUFENDE_NR) values ('3','1','3','3');
Insert into BESTEHEN (BESTEHT_ID,LINIEN_ID,KANTEN_ID,FORTLAUFENDE_NR) values ('4','1','4','4');
Insert into BESTEHEN (BESTEHT_ID,LINIEN_ID,KANTEN_ID,FORTLAUFENDE_NR) values ('5','1','5','5');
Insert into BESTEHEN (BESTEHT_ID,LINIEN_ID,KANTEN_ID,FORTLAUFENDE_NR) values ('6','1','6','6');
Insert into BESTEHEN (BESTEHT_ID,LINIEN_ID,KANTEN_ID,FORTLAUFENDE_NR) values ('7','1','7','7');
Insert into BESTEHEN (BESTEHT_ID,LINIEN_ID,KANTEN_ID,FORTLAUFENDE_NR) values ('8','1','8','8');
Insert into BESTEHEN (BESTEHT_ID,LINIEN_ID,KANTEN_ID,FORTLAUFENDE_NR) values ('9','1','9','9');
Insert into BESTEHEN (BESTEHT_ID,LINIEN_ID,KANTEN_ID,FORTLAUFENDE_NR) values ('10','1','10','10');
Insert into BESTEHEN (BESTEHT_ID,LINIEN_ID,KANTEN_ID,FORTLAUFENDE_NR) values ('11','1','11','11');
Insert into BESTEHEN (BESTEHT_ID,LINIEN_ID,KANTEN_ID,FORTLAUFENDE_NR) values ('12','1','12','12');
Insert into BESTEHEN (BESTEHT_ID,LINIEN_ID,KANTEN_ID,FORTLAUFENDE_NR) values ('13','1','13','13');
Insert into BESTEHEN (BESTEHT_ID,LINIEN_ID,KANTEN_ID,FORTLAUFENDE_NR) values ('14','1','14','14');
Insert into BESTEHEN (BESTEHT_ID,LINIEN_ID,KANTEN_ID,FORTLAUFENDE_NR) values ('15','2','15','1');
Insert into BESTEHEN (BESTEHT_ID,LINIEN_ID,KANTEN_ID,FORTLAUFENDE_NR) values ('16','2','16','2');
Insert into BESTEHEN (BESTEHT_ID,LINIEN_ID,KANTEN_ID,FORTLAUFENDE_NR) values ('17','2','17','3');
Insert into BESTEHEN (BESTEHT_ID,LINIEN_ID,KANTEN_ID,FORTLAUFENDE_NR) values ('18','2','18','4');
Insert into BESTEHEN (BESTEHT_ID,LINIEN_ID,KANTEN_ID,FORTLAUFENDE_NR) values ('19','2','19','5');
Insert into BESTEHEN (BESTEHT_ID,LINIEN_ID,KANTEN_ID,FORTLAUFENDE_NR) values ('20','2','20','6');
Insert into BESTEHEN (BESTEHT_ID,LINIEN_ID,KANTEN_ID,FORTLAUFENDE_NR) values ('21','2','21','7');
Insert into BESTEHEN (BESTEHT_ID,LINIEN_ID,KANTEN_ID,FORTLAUFENDE_NR) values ('22','2','22','8');
Insert into BESTEHEN (BESTEHT_ID,LINIEN_ID,KANTEN_ID,FORTLAUFENDE_NR) values ('23','2','23','9');
Insert into BESTEHEN (BESTEHT_ID,LINIEN_ID,KANTEN_ID,FORTLAUFENDE_NR) values ('24','2','24','10');
Insert into BESTEHEN (BESTEHT_ID,LINIEN_ID,KANTEN_ID,FORTLAUFENDE_NR) values ('25','2','25','11');
Insert into BESTEHEN (BESTEHT_ID,LINIEN_ID,KANTEN_ID,FORTLAUFENDE_NR) values ('26','2','26','12');
Insert into BESTEHEN (BESTEHT_ID,LINIEN_ID,KANTEN_ID,FORTLAUFENDE_NR) values ('28','2','28','14');
Insert into BESTEHEN (BESTEHT_ID,LINIEN_ID,KANTEN_ID,FORTLAUFENDE_NR) values ('29','2','29','15');
Insert into BESTEHEN (BESTEHT_ID,LINIEN_ID,KANTEN_ID,FORTLAUFENDE_NR) values ('30','2','30','16');
Insert into BESTEHEN (BESTEHT_ID,LINIEN_ID,KANTEN_ID,FORTLAUFENDE_NR) values ('31','2','31','17');
Insert into BESTEHEN (BESTEHT_ID,LINIEN_ID,KANTEN_ID,FORTLAUFENDE_NR) values ('32','2','32','18');
Insert into BESTEHEN (BESTEHT_ID,LINIEN_ID,KANTEN_ID,FORTLAUFENDE_NR) values ('33','2','33','19');
Insert into BESTEHEN (BESTEHT_ID,LINIEN_ID,KANTEN_ID,FORTLAUFENDE_NR) values ('34','2','34','20');
Insert into BESTEHEN (BESTEHT_ID,LINIEN_ID,KANTEN_ID,FORTLAUFENDE_NR) values ('35','2','35','21');
Insert into BESTEHEN (BESTEHT_ID,LINIEN_ID,KANTEN_ID,FORTLAUFENDE_NR) values ('36','2','36','22');
Insert into BESTEHEN (BESTEHT_ID,LINIEN_ID,KANTEN_ID,FORTLAUFENDE_NR) values ('37','2','37','23');
Insert into BESTEHEN (BESTEHT_ID,LINIEN_ID,KANTEN_ID,FORTLAUFENDE_NR) values ('38','2','38','24');
Insert into BESTEHEN (BESTEHT_ID,LINIEN_ID,KANTEN_ID,FORTLAUFENDE_NR) values ('39','2','39','25');
Insert into BESTEHEN (BESTEHT_ID,LINIEN_ID,KANTEN_ID,FORTLAUFENDE_NR) values ('40','2','40','26');
Insert into BESTEHEN (BESTEHT_ID,LINIEN_ID,KANTEN_ID,FORTLAUFENDE_NR) values ('41','2','41','27');
Insert into BESTEHEN (BESTEHT_ID,LINIEN_ID,KANTEN_ID,FORTLAUFENDE_NR) values ('42','2','42','28');
Insert into BESTEHEN (BESTEHT_ID,LINIEN_ID,KANTEN_ID,FORTLAUFENDE_NR) values ('43','2','43','29');
Insert into BESTEHEN (BESTEHT_ID,LINIEN_ID,KANTEN_ID,FORTLAUFENDE_NR) values ('44','3','44','1');
Insert into BESTEHEN (BESTEHT_ID,LINIEN_ID,KANTEN_ID,FORTLAUFENDE_NR) values ('45','3','45','2');
Insert into BESTEHEN (BESTEHT_ID,LINIEN_ID,KANTEN_ID,FORTLAUFENDE_NR) values ('46','3','46','3');
Insert into BESTEHEN (BESTEHT_ID,LINIEN_ID,KANTEN_ID,FORTLAUFENDE_NR) values ('47','3','47','4');
Insert into BESTEHEN (BESTEHT_ID,LINIEN_ID,KANTEN_ID,FORTLAUFENDE_NR) values ('48','3','48','5');
Insert into BESTEHEN (BESTEHT_ID,LINIEN_ID,KANTEN_ID,FORTLAUFENDE_NR) values ('49','3','49','6');
Insert into BESTEHEN (BESTEHT_ID,LINIEN_ID,KANTEN_ID,FORTLAUFENDE_NR) values ('50','3','50','7');
Insert into BESTEHEN (BESTEHT_ID,LINIEN_ID,KANTEN_ID,FORTLAUFENDE_NR) values ('51','3','51','8');
Insert into BESTEHEN (BESTEHT_ID,LINIEN_ID,KANTEN_ID,FORTLAUFENDE_NR) values ('52','3','52','8');
Insert into BESTEHEN (BESTEHT_ID,LINIEN_ID,KANTEN_ID,FORTLAUFENDE_NR) values ('53','3','53','10');
Insert into BESTEHEN (BESTEHT_ID,LINIEN_ID,KANTEN_ID,FORTLAUFENDE_NR) values ('54','3','54','11');
Insert into BESTEHEN (BESTEHT_ID,LINIEN_ID,KANTEN_ID,FORTLAUFENDE_NR) values ('55','3','55','12');
Insert into BESTEHEN (BESTEHT_ID,LINIEN_ID,KANTEN_ID,FORTLAUFENDE_NR) values ('56','3','56','13');
Insert into BESTEHEN (BESTEHT_ID,LINIEN_ID,KANTEN_ID,FORTLAUFENDE_NR) values ('57','3','57','14');
Insert into BESTEHEN (BESTEHT_ID,LINIEN_ID,KANTEN_ID,FORTLAUFENDE_NR) values ('58','3','58','15');
Insert into BESTEHEN (BESTEHT_ID,LINIEN_ID,KANTEN_ID,FORTLAUFENDE_NR) values ('59','3','59','16');
Insert into BESTEHEN (BESTEHT_ID,LINIEN_ID,KANTEN_ID,FORTLAUFENDE_NR) values ('60','3','60','17');
Insert into BESTEHEN (BESTEHT_ID,LINIEN_ID,KANTEN_ID,FORTLAUFENDE_NR) values ('61','3','61','18');
Insert into BESTEHEN (BESTEHT_ID,LINIEN_ID,KANTEN_ID,FORTLAUFENDE_NR) values ('62','3','62','19');
Insert into BESTEHEN (BESTEHT_ID,LINIEN_ID,KANTEN_ID,FORTLAUFENDE_NR) values ('63','3','63','20');
Insert into BESTEHEN (BESTEHT_ID,LINIEN_ID,KANTEN_ID,FORTLAUFENDE_NR) values ('64','3','64','21');
Insert into BESTEHEN (BESTEHT_ID,LINIEN_ID,KANTEN_ID,FORTLAUFENDE_NR) values ('65','3','65','22');
Insert into BESTEHEN (BESTEHT_ID,LINIEN_ID,KANTEN_ID,FORTLAUFENDE_NR) values ('66','3','66','23');
Insert into BESTEHEN (BESTEHT_ID,LINIEN_ID,KANTEN_ID,FORTLAUFENDE_NR) values ('67','3','67','24');
Insert into BESTEHEN (BESTEHT_ID,LINIEN_ID,KANTEN_ID,FORTLAUFENDE_NR) values ('68','3','68','25');
Insert into BESTEHEN (BESTEHT_ID,LINIEN_ID,KANTEN_ID,FORTLAUFENDE_NR) values ('69','3','69','26');
Insert into BESTEHEN (BESTEHT_ID,LINIEN_ID,KANTEN_ID,FORTLAUFENDE_NR) values ('70','3','70','27');
Insert into BESTEHEN (BESTEHT_ID,LINIEN_ID,KANTEN_ID,FORTLAUFENDE_NR) values ('71','3','71','28');
Insert into BESTEHEN (BESTEHT_ID,LINIEN_ID,KANTEN_ID,FORTLAUFENDE_NR) values ('72','3','72','29');
Insert into BESTEHEN (BESTEHT_ID,LINIEN_ID,KANTEN_ID,FORTLAUFENDE_NR) values ('73','3','73','30');
Insert into BESTEHEN (BESTEHT_ID,LINIEN_ID,KANTEN_ID,FORTLAUFENDE_NR) values ('74','3','74','31');
Insert into BESTEHEN (BESTEHT_ID,LINIEN_ID,KANTEN_ID,FORTLAUFENDE_NR) values ('75','3','75','32');
Insert into BESTEHEN (BESTEHT_ID,LINIEN_ID,KANTEN_ID,FORTLAUFENDE_NR) values ('76','3','76','33');
Insert into BESTEHEN (BESTEHT_ID,LINIEN_ID,KANTEN_ID,FORTLAUFENDE_NR) values ('77','3','77','34');
Insert into BESTEHEN (BESTEHT_ID,LINIEN_ID,KANTEN_ID,FORTLAUFENDE_NR) values ('78','3','78','35');
Insert into BESTEHEN (BESTEHT_ID,LINIEN_ID,KANTEN_ID,FORTLAUFENDE_NR) values ('79','3','79','36');
Insert into BESTEHEN (BESTEHT_ID,LINIEN_ID,KANTEN_ID,FORTLAUFENDE_NR) values ('80','3','80','37');
Insert into BESTEHEN (BESTEHT_ID,LINIEN_ID,KANTEN_ID,FORTLAUFENDE_NR) values ('81','3','81','38');
Insert into BESTEHEN (BESTEHT_ID,LINIEN_ID,KANTEN_ID,FORTLAUFENDE_NR) values ('82','3','82','39');
Insert into BESTEHEN (BESTEHT_ID,LINIEN_ID,KANTEN_ID,FORTLAUFENDE_NR) values ('83','3','83','40');
Insert into BESTEHEN (BESTEHT_ID,LINIEN_ID,KANTEN_ID,FORTLAUFENDE_NR) values ('84','3','84','41');
Insert into BESTEHEN (BESTEHT_ID,LINIEN_ID,KANTEN_ID,FORTLAUFENDE_NR) values ('85','3','85','42');
Insert into BESTEHEN (BESTEHT_ID,LINIEN_ID,KANTEN_ID,FORTLAUFENDE_NR) values ('86','3','86','43');
Insert into BESTEHEN (BESTEHT_ID,LINIEN_ID,KANTEN_ID,FORTLAUFENDE_NR) values ('87','3','87','44');
Insert into BESTEHEN (BESTEHT_ID,LINIEN_ID,KANTEN_ID,FORTLAUFENDE_NR) values ('88','3','88','45');
Insert into BESTEHEN (BESTEHT_ID,LINIEN_ID,KANTEN_ID,FORTLAUFENDE_NR) values ('89','3','89','46');
Insert into BESTEHEN (BESTEHT_ID,LINIEN_ID,KANTEN_ID,FORTLAUFENDE_NR) values ('90','4','90','1');
Insert into BESTEHEN (BESTEHT_ID,LINIEN_ID,KANTEN_ID,FORTLAUFENDE_NR) values ('91','4','91','2');
Insert into BESTEHEN (BESTEHT_ID,LINIEN_ID,KANTEN_ID,FORTLAUFENDE_NR) values ('92','4','92','3');
Insert into BESTEHEN (BESTEHT_ID,LINIEN_ID,KANTEN_ID,FORTLAUFENDE_NR) values ('93','4','93','4');
Insert into BESTEHEN (BESTEHT_ID,LINIEN_ID,KANTEN_ID,FORTLAUFENDE_NR) values ('94','4','94','5');
Insert into BESTEHEN (BESTEHT_ID,LINIEN_ID,KANTEN_ID,FORTLAUFENDE_NR) values ('95','4','95','6');
Insert into BESTEHEN (BESTEHT_ID,LINIEN_ID,KANTEN_ID,FORTLAUFENDE_NR) values ('96','4','96','7');
Insert into BESTEHEN (BESTEHT_ID,LINIEN_ID,KANTEN_ID,FORTLAUFENDE_NR) values ('97','4','97','8');
Insert into BESTEHEN (BESTEHT_ID,LINIEN_ID,KANTEN_ID,FORTLAUFENDE_NR) values ('98','4','98','9');
Insert into BESTEHEN (BESTEHT_ID,LINIEN_ID,KANTEN_ID,FORTLAUFENDE_NR) values ('99','4','99','10');
Insert into BESTEHEN (BESTEHT_ID,LINIEN_ID,KANTEN_ID,FORTLAUFENDE_NR) values ('100','4','100','11');
Insert into BESTEHEN (BESTEHT_ID,LINIEN_ID,KANTEN_ID,FORTLAUFENDE_NR) values ('101','4','101','12');
Insert into BESTEHEN (BESTEHT_ID,LINIEN_ID,KANTEN_ID,FORTLAUFENDE_NR) values ('102','4','102','13');
Insert into BESTEHEN (BESTEHT_ID,LINIEN_ID,KANTEN_ID,FORTLAUFENDE_NR) values ('103','4','103','14');
Insert into BESTEHEN (BESTEHT_ID,LINIEN_ID,KANTEN_ID,FORTLAUFENDE_NR) values ('104','4','104','15');
Insert into BESTEHEN (BESTEHT_ID,LINIEN_ID,KANTEN_ID,FORTLAUFENDE_NR) values ('105','4','105','16');
Insert into BESTEHEN (BESTEHT_ID,LINIEN_ID,KANTEN_ID,FORTLAUFENDE_NR) values ('106','4','106','17');
Insert into BESTEHEN (BESTEHT_ID,LINIEN_ID,KANTEN_ID,FORTLAUFENDE_NR) values ('107','4','107','18');
Insert into BESTEHEN (BESTEHT_ID,LINIEN_ID,KANTEN_ID,FORTLAUFENDE_NR) values ('108','4','108','19');
Insert into BESTEHEN (BESTEHT_ID,LINIEN_ID,KANTEN_ID,FORTLAUFENDE_NR) values ('109','4','109','20');
Insert into BESTEHEN (BESTEHT_ID,LINIEN_ID,KANTEN_ID,FORTLAUFENDE_NR) values ('110','4','110','21');
Insert into BESTEHEN (BESTEHT_ID,LINIEN_ID,KANTEN_ID,FORTLAUFENDE_NR) values ('111','4','111','22');
Insert into BESTEHEN (BESTEHT_ID,LINIEN_ID,KANTEN_ID,FORTLAUFENDE_NR) values ('112','4','112','23');
Insert into BESTEHEN (BESTEHT_ID,LINIEN_ID,KANTEN_ID,FORTLAUFENDE_NR) values ('113','4','113','24');
Insert into BESTEHEN (BESTEHT_ID,LINIEN_ID,KANTEN_ID,FORTLAUFENDE_NR) values ('114','4','114','25');
Insert into BESTEHEN (BESTEHT_ID,LINIEN_ID,KANTEN_ID,FORTLAUFENDE_NR) values ('115','4','115','26');
Insert into BESTEHEN (BESTEHT_ID,LINIEN_ID,KANTEN_ID,FORTLAUFENDE_NR) values ('116','4','116','27');
Insert into BESTEHEN (BESTEHT_ID,LINIEN_ID,KANTEN_ID,FORTLAUFENDE_NR) values ('117','4','117','28');
Insert into BESTEHEN (BESTEHT_ID,LINIEN_ID,KANTEN_ID,FORTLAUFENDE_NR) values ('118','4','118','29');
Insert into BESTEHEN (BESTEHT_ID,LINIEN_ID,KANTEN_ID,FORTLAUFENDE_NR) values ('119','5','119','1');
Insert into BESTEHEN (BESTEHT_ID,LINIEN_ID,KANTEN_ID,FORTLAUFENDE_NR) values ('120','5','120','2');
Insert into BESTEHEN (BESTEHT_ID,LINIEN_ID,KANTEN_ID,FORTLAUFENDE_NR) values ('121','5','121','3');
Insert into BESTEHEN (BESTEHT_ID,LINIEN_ID,KANTEN_ID,FORTLAUFENDE_NR) values ('122','5','122','4');
Insert into BESTEHEN (BESTEHT_ID,LINIEN_ID,KANTEN_ID,FORTLAUFENDE_NR) values ('123','5','123','5');
Insert into BESTEHEN (BESTEHT_ID,LINIEN_ID,KANTEN_ID,FORTLAUFENDE_NR) values ('124','5','124','6');
Insert into BESTEHEN (BESTEHT_ID,LINIEN_ID,KANTEN_ID,FORTLAUFENDE_NR) values ('125','5','125','7');
Insert into BESTEHEN (BESTEHT_ID,LINIEN_ID,KANTEN_ID,FORTLAUFENDE_NR) values ('126','5','126','8');
Insert into BESTEHEN (BESTEHT_ID,LINIEN_ID,KANTEN_ID,FORTLAUFENDE_NR) values ('127','5','127','9');
Insert into BESTEHEN (BESTEHT_ID,LINIEN_ID,KANTEN_ID,FORTLAUFENDE_NR) values ('128','5','128','10');
Insert into BESTEHEN (BESTEHT_ID,LINIEN_ID,KANTEN_ID,FORTLAUFENDE_NR) values ('129','5','129','11');
Insert into BESTEHEN (BESTEHT_ID,LINIEN_ID,KANTEN_ID,FORTLAUFENDE_NR) values ('130','5','130','12');
Insert into BESTEHEN (BESTEHT_ID,LINIEN_ID,KANTEN_ID,FORTLAUFENDE_NR) values ('131','5','131','13');
Insert into BESTEHEN (BESTEHT_ID,LINIEN_ID,KANTEN_ID,FORTLAUFENDE_NR) values ('132','5','132','14');
Insert into BESTEHEN (BESTEHT_ID,LINIEN_ID,KANTEN_ID,FORTLAUFENDE_NR) values ('133','5','133','15');
Insert into BESTEHEN (BESTEHT_ID,LINIEN_ID,KANTEN_ID,FORTLAUFENDE_NR) values ('134','5','134','16');
Insert into BESTEHEN (BESTEHT_ID,LINIEN_ID,KANTEN_ID,FORTLAUFENDE_NR) values ('135','5','135','17');
Insert into BESTEHEN (BESTEHT_ID,LINIEN_ID,KANTEN_ID,FORTLAUFENDE_NR) values ('136','5','136','18');
Insert into BESTEHEN (BESTEHT_ID,LINIEN_ID,KANTEN_ID,FORTLAUFENDE_NR) values ('137','5','137','19');
Insert into BESTEHEN (BESTEHT_ID,LINIEN_ID,KANTEN_ID,FORTLAUFENDE_NR) values ('138','5','138','20');
Insert into BESTEHEN (BESTEHT_ID,LINIEN_ID,KANTEN_ID,FORTLAUFENDE_NR) values ('139','5','139','21');
Insert into BESTEHEN (BESTEHT_ID,LINIEN_ID,KANTEN_ID,FORTLAUFENDE_NR) values ('140','5','140','22');
Insert into BESTEHEN (BESTEHT_ID,LINIEN_ID,KANTEN_ID,FORTLAUFENDE_NR) values ('141','5','141','23');
Insert into BESTEHEN (BESTEHT_ID,LINIEN_ID,KANTEN_ID,FORTLAUFENDE_NR) values ('142','5','142','24');
Insert into BESTEHEN (BESTEHT_ID,LINIEN_ID,KANTEN_ID,FORTLAUFENDE_NR) values ('143','5','143','25');
Insert into BESTEHEN (BESTEHT_ID,LINIEN_ID,KANTEN_ID,FORTLAUFENDE_NR) values ('144','5','144','26');
Insert into BESTEHEN (BESTEHT_ID,LINIEN_ID,KANTEN_ID,FORTLAUFENDE_NR) values ('145','5','145','27');
Insert into BESTEHEN (BESTEHT_ID,LINIEN_ID,KANTEN_ID,FORTLAUFENDE_NR) values ('146','5','146','28');
Insert into BESTEHEN (BESTEHT_ID,LINIEN_ID,KANTEN_ID,FORTLAUFENDE_NR) values ('147','5','147','29');
Insert into BESTEHEN (BESTEHT_ID,LINIEN_ID,KANTEN_ID,FORTLAUFENDE_NR) values ('148','5','148','30');
Insert into BESTEHEN (BESTEHT_ID,LINIEN_ID,KANTEN_ID,FORTLAUFENDE_NR) values ('149','5','149','31');
Insert into BESTEHEN (BESTEHT_ID,LINIEN_ID,KANTEN_ID,FORTLAUFENDE_NR) values ('150','9','150','1');
Insert into BESTEHEN (BESTEHT_ID,LINIEN_ID,KANTEN_ID,FORTLAUFENDE_NR) values ('151','9','151','2');
Insert into BESTEHEN (BESTEHT_ID,LINIEN_ID,KANTEN_ID,FORTLAUFENDE_NR) values ('152','9','152','3');
Insert into BESTEHEN (BESTEHT_ID,LINIEN_ID,KANTEN_ID,FORTLAUFENDE_NR) values ('153','9','153','4');
Insert into BESTEHEN (BESTEHT_ID,LINIEN_ID,KANTEN_ID,FORTLAUFENDE_NR) values ('154','9','154','5');
Insert into BESTEHEN (BESTEHT_ID,LINIEN_ID,KANTEN_ID,FORTLAUFENDE_NR) values ('155','9','155','6');
Insert into BESTEHEN (BESTEHT_ID,LINIEN_ID,KANTEN_ID,FORTLAUFENDE_NR) values ('156','9','156','7');
Insert into BESTEHEN (BESTEHT_ID,LINIEN_ID,KANTEN_ID,FORTLAUFENDE_NR) values ('157','9','157','8');
Insert into BESTEHEN (BESTEHT_ID,LINIEN_ID,KANTEN_ID,FORTLAUFENDE_NR) values ('158','9','158','9');
Insert into BUSFAHRER (MITA_ID,STUNDENLOHN) values ('10','10');
Insert into BUSFAHRER (MITA_ID,STUNDENLOHN) values ('11','9');
Insert into BUSFAHRER (MITA_ID,STUNDENLOHN) values ('12','11');
Insert into BUSFAHRER (MITA_ID,STUNDENLOHN) values ('13','10');
Insert into BUSFAHRER (MITA_ID,STUNDENLOHN) values ('14','10');
Insert into BUSFAHRER (MITA_ID,STUNDENLOHN) values ('15','9');
Insert into BUSFAHRER (MITA_ID,STUNDENLOHN) values ('16','8');
Insert into BUSFAHRER (MITA_ID,STUNDENLOHN) values ('17','10');
Insert into BUSFAHRER (MITA_ID,STUNDENLOHN) values ('18','15');
Insert into BUSSE (FAHRZEUG_ID,ANZAHL_SITZPLAETZE,KFZ_KNZ,NAECHSTE_HU,NAECHSTE_ASU,ANGEMELDET_AM,ABGEMELDET_AM) values ('1','54','GM-K 12','16.04.10','16.04.10','18.09.09',null);
Insert into BUSSE (FAHRZEUG_ID,ANZAHL_SITZPLAETZE,KFZ_KNZ,NAECHSTE_HU,NAECHSTE_ASU,ANGEMELDET_AM,ABGEMELDET_AM) values ('2','48','GM-AK 123','09.01.10','09.01.10','20.06.09',null);
Insert into BUSSE (FAHRZEUG_ID,ANZAHL_SITZPLAETZE,KFZ_KNZ,NAECHSTE_HU,NAECHSTE_ASU,ANGEMELDET_AM,ABGEMELDET_AM) values ('3','44','GM-HG 45','15.07.11','15.07.11','20.10.01',null);
Insert into BUSSE (FAHRZEUG_ID,ANZAHL_SITZPLAETZE,KFZ_KNZ,NAECHSTE_HU,NAECHSTE_ASU,ANGEMELDET_AM,ABGEMELDET_AM) values ('4','32','GM-LO 99','06.05.10','06.05.10','07.12.09',null);
Insert into BUSSE (FAHRZEUG_ID,ANZAHL_SITZPLAETZE,KFZ_KNZ,NAECHSTE_HU,NAECHSTE_ASU,ANGEMELDET_AM,ABGEMELDET_AM) values ('5','43','K-KI 65','16.04.10','16.04.10','18.09.09',null);
Insert into BUSSE (FAHRZEUG_ID,ANZAHL_SITZPLAETZE,KFZ_KNZ,NAECHSTE_HU,NAECHSTE_ASU,ANGEMELDET_AM,ABGEMELDET_AM) values ('6','32','GL-K 35','16.04.10','16.04.10','03.12.09',null);
Insert into BUSSE (FAHRZEUG_ID,ANZAHL_SITZPLAETZE,KFZ_KNZ,NAECHSTE_HU,NAECHSTE_ASU,ANGEMELDET_AM,ABGEMELDET_AM) values ('7','54','K-SA 66','21.05.11','21.05.11','01.11.09',null);
Insert into BUSSE (FAHRZEUG_ID,ANZAHL_SITZPLAETZE,KFZ_KNZ,NAECHSTE_HU,NAECHSTE_ASU,ANGEMELDET_AM,ABGEMELDET_AM) values ('8','44','K-T 55','18.09.11','29.08.11','03.12.09',null);
Insert into BUSSE (FAHRZEUG_ID,ANZAHL_SITZPLAETZE,KFZ_KNZ,NAECHSTE_HU,NAECHSTE_ASU,ANGEMELDET_AM,ABGEMELDET_AM) values ('9','43','GM-UI 96','13.03.10','12.01.10','28.09.09',null);
Insert into BUSSE (FAHRZEUG_ID,ANZAHL_SITZPLAETZE,KFZ_KNZ,NAECHSTE_HU,NAECHSTE_ASU,ANGEMELDET_AM,ABGEMELDET_AM) values ('10','32','K-VH 44','08.02.10','08.02.10','08.09.09',null);
Insert into BUSSE (FAHRZEUG_ID,ANZAHL_SITZPLAETZE,KFZ_KNZ,NAECHSTE_HU,NAECHSTE_ASU,ANGEMELDET_AM,ABGEMELDET_AM) values ('88888881','32','GL-XY 88','08.02.10','08.02.10','14.10.03','03.12.08');
Insert into BUSSE (FAHRZEUG_ID,ANZAHL_SITZPLAETZE,KFZ_KNZ,NAECHSTE_HU,NAECHSTE_ASU,ANGEMELDET_AM,ABGEMELDET_AM) values ('88888884','32','GL-ZZ 88','08.02.10','08.02.10','14.10.03','03.12.08');
Insert into BUSSE (FAHRZEUG_ID,ANZAHL_SITZPLAETZE,KFZ_KNZ,NAECHSTE_HU,NAECHSTE_ASU,ANGEMELDET_AM,ABGEMELDET_AM) values ('88888882','32','GM-XC 77','08.02.10','08.02.10','14.10.03',null);
Insert into BUSSE (FAHRZEUG_ID,ANZAHL_SITZPLAETZE,KFZ_KNZ,NAECHSTE_HU,NAECHSTE_ASU,ANGEMELDET_AM,ABGEMELDET_AM) values ('88888883','32','GM-XT 76','08.02.10','08.02.10','14.10.03','03.12.08');
Insert into EINSATZPLAN (EINPLAN_ID,TAG,FAHRT_ID,FAHRZEUG_ID,MITA_ID) values ('1','01.12.08','22','1','10');
Insert into EINSATZPLAN (EINPLAN_ID,TAG,FAHRT_ID,FAHRZEUG_ID,MITA_ID) values ('2','01.12.08','24','1','10');
Insert into EINSATZPLAN (EINPLAN_ID,TAG,FAHRT_ID,FAHRZEUG_ID,MITA_ID) values ('3','01.12.08','28','1','10');
Insert into EINSATZPLAN (EINPLAN_ID,TAG,FAHRT_ID,FAHRZEUG_ID,MITA_ID) values ('4','01.12.08','31','1','10');
Insert into EINSATZPLAN (EINPLAN_ID,TAG,FAHRT_ID,FAHRZEUG_ID,MITA_ID) values ('5','01.12.08','33','1','10');
Insert into EINSATZPLAN (EINPLAN_ID,TAG,FAHRT_ID,FAHRZEUG_ID,MITA_ID) values ('6','01.12.08','38','1','10');
Insert into EINSATZPLAN (EINPLAN_ID,TAG,FAHRT_ID,FAHRZEUG_ID,MITA_ID) values ('7','01.12.08','40','1','10');
Insert into EINSATZPLAN (EINPLAN_ID,TAG,FAHRT_ID,FAHRZEUG_ID,MITA_ID) values ('8','01.12.08','42','1','10');
Insert into EINSATZPLAN (EINPLAN_ID,TAG,FAHRT_ID,FAHRZEUG_ID,MITA_ID) values ('9','01.12.08','44','1','10');
Insert into EINSATZPLAN (EINPLAN_ID,TAG,FAHRT_ID,FAHRZEUG_ID,MITA_ID) values ('10','01.12.08','23','2','11');
Insert into EINSATZPLAN (EINPLAN_ID,TAG,FAHRT_ID,FAHRZEUG_ID,MITA_ID) values ('11','01.12.08','25','2','11');
Insert into EINSATZPLAN (EINPLAN_ID,TAG,FAHRT_ID,FAHRZEUG_ID,MITA_ID) values ('12','01.12.08','31','2','11');
Insert into EINSATZPLAN (EINPLAN_ID,TAG,FAHRT_ID,FAHRZEUG_ID,MITA_ID) values ('13','01.12.08','34','2','11');
Insert into EINSATZPLAN (EINPLAN_ID,TAG,FAHRT_ID,FAHRZEUG_ID,MITA_ID) values ('14','01.12.08','37','2','11');
Insert into EINSATZPLAN (EINPLAN_ID,TAG,FAHRT_ID,FAHRZEUG_ID,MITA_ID) values ('15','01.12.08','41','2','11');
Insert into EINSATZPLAN (EINPLAN_ID,TAG,FAHRT_ID,FAHRZEUG_ID,MITA_ID) values ('16','01.12.08','45','2','11');
Insert into EINSATZPLAN (EINPLAN_ID,TAG,FAHRT_ID,FAHRZEUG_ID,MITA_ID) values ('17','01.12.08','50','2','11');
Insert into EINSATZPLAN (EINPLAN_ID,TAG,FAHRT_ID,FAHRZEUG_ID,MITA_ID) values ('18','01.12.08','81','3','12');
Insert into EINSATZPLAN (EINPLAN_ID,TAG,FAHRT_ID,FAHRZEUG_ID,MITA_ID) values ('19','01.12.08','84','3','12');
Insert into EINSATZPLAN (EINPLAN_ID,TAG,FAHRT_ID,FAHRZEUG_ID,MITA_ID) values ('20','01.12.08','86','3','12');
Insert into EINSATZPLAN (EINPLAN_ID,TAG,FAHRT_ID,FAHRZEUG_ID,MITA_ID) values ('21','01.12.08','87','3','12');
Insert into EINSATZPLAN (EINPLAN_ID,TAG,FAHRT_ID,FAHRZEUG_ID,MITA_ID) values ('22','01.12.08','88','3','12');
Insert into EINSATZPLAN (EINPLAN_ID,TAG,FAHRT_ID,FAHRZEUG_ID,MITA_ID) values ('23','01.12.08','91','4','13');
Insert into EINSATZPLAN (EINPLAN_ID,TAG,FAHRT_ID,FAHRZEUG_ID,MITA_ID) values ('24','01.12.08','92','4','13');
Insert into EINSATZPLAN (EINPLAN_ID,TAG,FAHRT_ID,FAHRZEUG_ID,MITA_ID) values ('25','01.12.08','93','4','13');
Insert into EINSATZPLAN (EINPLAN_ID,TAG,FAHRT_ID,FAHRZEUG_ID,MITA_ID) values ('26','01.12.08','95','4','13');
Insert into EINSATZPLAN (EINPLAN_ID,TAG,FAHRT_ID,FAHRZEUG_ID,MITA_ID) values ('27','01.12.08','96','4','13');
Insert into EINSATZPLAN (EINPLAN_ID,TAG,FAHRT_ID,FAHRZEUG_ID,MITA_ID) values ('28','01.12.08','99','5','14');
Insert into EINSATZPLAN (EINPLAN_ID,TAG,FAHRT_ID,FAHRZEUG_ID,MITA_ID) values ('29','01.12.08','102','5','14');
Insert into EINSATZPLAN (EINPLAN_ID,TAG,FAHRT_ID,FAHRZEUG_ID,MITA_ID) values ('30','01.12.08','103','5','14');
Insert into EINSATZPLAN (EINPLAN_ID,TAG,FAHRT_ID,FAHRZEUG_ID,MITA_ID) values ('31','01.12.08','104','5','14');
Insert into EINSATZPLAN (EINPLAN_ID,TAG,FAHRT_ID,FAHRZEUG_ID,MITA_ID) values ('32','01.12.08','105','5','14');
Insert into EINSATZPLAN (EINPLAN_ID,TAG,FAHRT_ID,FAHRZEUG_ID,MITA_ID) values ('33','01.12.08','107','6','15');
Insert into EINSATZPLAN (EINPLAN_ID,TAG,FAHRT_ID,FAHRZEUG_ID,MITA_ID) values ('34','01.12.08','109','6','15');
Insert into EINSATZPLAN (EINPLAN_ID,TAG,FAHRT_ID,FAHRZEUG_ID,MITA_ID) values ('35','01.12.08','110','6','15');
Insert into EINSATZPLAN (EINPLAN_ID,TAG,FAHRT_ID,FAHRZEUG_ID,MITA_ID) values ('36','01.12.08','111','6','15');
Insert into EINSATZPLAN (EINPLAN_ID,TAG,FAHRT_ID,FAHRZEUG_ID,MITA_ID) values ('37','01.12.08','112','6','15');
Insert into EINSATZPLAN (EINPLAN_ID,TAG,FAHRT_ID,FAHRZEUG_ID,MITA_ID) values ('38','01.12.08','113','6','15');
Insert into EINSATZPLAN (EINPLAN_ID,TAG,FAHRT_ID,FAHRZEUG_ID,MITA_ID) values ('39','02.12.08','114','7','10');
Insert into EINSATZPLAN (EINPLAN_ID,TAG,FAHRT_ID,FAHRZEUG_ID,MITA_ID) values ('40','02.12.08','115','7','10');
Insert into EINSATZPLAN (EINPLAN_ID,TAG,FAHRT_ID,FAHRZEUG_ID,MITA_ID) values ('41','02.12.08','117','7','10');
Insert into EINSATZPLAN (EINPLAN_ID,TAG,FAHRT_ID,FAHRZEUG_ID,MITA_ID) values ('42','02.12.08','118','7','10');
Insert into EINSATZPLAN (EINPLAN_ID,TAG,FAHRT_ID,FAHRZEUG_ID,MITA_ID) values ('43','02.12.08','119','7','10');
Insert into EINSATZPLAN (EINPLAN_ID,TAG,FAHRT_ID,FAHRZEUG_ID,MITA_ID) values ('44','02.12.08','120','7','10');
Insert into EINSATZPLAN (EINPLAN_ID,TAG,FAHRT_ID,FAHRZEUG_ID,MITA_ID) values ('45','02.12.08','121','7','10');
Insert into EINSATZPLAN (EINPLAN_ID,TAG,FAHRT_ID,FAHRZEUG_ID,MITA_ID) values ('46','02.12.08','122','1','11');
Insert into EINSATZPLAN (EINPLAN_ID,TAG,FAHRT_ID,FAHRZEUG_ID,MITA_ID) values ('47','02.12.08','124','1','11');
Insert into EINSATZPLAN (EINPLAN_ID,TAG,FAHRT_ID,FAHRZEUG_ID,MITA_ID) values ('48','02.12.08','125','1','11');
Insert into EINSATZPLAN (EINPLAN_ID,TAG,FAHRT_ID,FAHRZEUG_ID,MITA_ID) values ('49','02.12.08','126','1','11');
Insert into EINSATZPLAN (EINPLAN_ID,TAG,FAHRT_ID,FAHRZEUG_ID,MITA_ID) values ('50','02.12.08','127','1','11');
Insert into EINSATZPLAN (EINPLAN_ID,TAG,FAHRT_ID,FAHRZEUG_ID,MITA_ID) values ('51','02.12.08','128','1','11');
Insert into EINSATZPLAN (EINPLAN_ID,TAG,FAHRT_ID,FAHRZEUG_ID,MITA_ID) values ('52','02.12.08','129','1','11');
Insert into EINSATZPLAN (EINPLAN_ID,TAG,FAHRT_ID,FAHRZEUG_ID,MITA_ID) values ('53','03.12.08','22','2','12');
Insert into EINSATZPLAN (EINPLAN_ID,TAG,FAHRT_ID,FAHRZEUG_ID,MITA_ID) values ('54','03.12.08','24','2','12');
Insert into EINSATZPLAN (EINPLAN_ID,TAG,FAHRT_ID,FAHRZEUG_ID,MITA_ID) values ('55','03.12.08','28','2','12');
Insert into EINSATZPLAN (EINPLAN_ID,TAG,FAHRT_ID,FAHRZEUG_ID,MITA_ID) values ('56','03.12.08','31','2','12');
Insert into EINSATZPLAN (EINPLAN_ID,TAG,FAHRT_ID,FAHRZEUG_ID,MITA_ID) values ('57','03.12.08','33','2','12');
Insert into EINSATZPLAN (EINPLAN_ID,TAG,FAHRT_ID,FAHRZEUG_ID,MITA_ID) values ('58','03.12.08','38','2','12');
Insert into EINSATZPLAN (EINPLAN_ID,TAG,FAHRT_ID,FAHRZEUG_ID,MITA_ID) values ('59','03.12.08','40','2','12');
Insert into EINSATZPLAN (EINPLAN_ID,TAG,FAHRT_ID,FAHRZEUG_ID,MITA_ID) values ('60','03.12.08','42','2','12');
Insert into EINSATZPLAN (EINPLAN_ID,TAG,FAHRT_ID,FAHRZEUG_ID,MITA_ID) values ('61','03.12.08','44','2','12');
Insert into EINSATZPLAN (EINPLAN_ID,TAG,FAHRT_ID,FAHRZEUG_ID,MITA_ID) values ('62','03.12.08','23','3','13');
Insert into EINSATZPLAN (EINPLAN_ID,TAG,FAHRT_ID,FAHRZEUG_ID,MITA_ID) values ('63','03.12.08','25','3','13');
Insert into EINSATZPLAN (EINPLAN_ID,TAG,FAHRT_ID,FAHRZEUG_ID,MITA_ID) values ('64','03.12.08','31','3','13');
Insert into EINSATZPLAN (EINPLAN_ID,TAG,FAHRT_ID,FAHRZEUG_ID,MITA_ID) values ('65','03.12.08','34','3','13');
Insert into EINSATZPLAN (EINPLAN_ID,TAG,FAHRT_ID,FAHRZEUG_ID,MITA_ID) values ('66','03.12.08','37','3','13');
Insert into EINSATZPLAN (EINPLAN_ID,TAG,FAHRT_ID,FAHRZEUG_ID,MITA_ID) values ('67','03.12.08','41','3','13');
Insert into EINSATZPLAN (EINPLAN_ID,TAG,FAHRT_ID,FAHRZEUG_ID,MITA_ID) values ('68','03.12.08','45','3','13');
Insert into EINSATZPLAN (EINPLAN_ID,TAG,FAHRT_ID,FAHRZEUG_ID,MITA_ID) values ('69','03.12.08','50','3','13');
Insert into EINSATZPLAN (EINPLAN_ID,TAG,FAHRT_ID,FAHRZEUG_ID,MITA_ID) values ('70','03.12.08','81','4','14');
Insert into EINSATZPLAN (EINPLAN_ID,TAG,FAHRT_ID,FAHRZEUG_ID,MITA_ID) values ('71','03.12.08','84','4','14');
Insert into EINSATZPLAN (EINPLAN_ID,TAG,FAHRT_ID,FAHRZEUG_ID,MITA_ID) values ('72','03.12.08','86','4','14');
Insert into EINSATZPLAN (EINPLAN_ID,TAG,FAHRT_ID,FAHRZEUG_ID,MITA_ID) values ('73','03.12.08','87','4','14');
Insert into EINSATZPLAN (EINPLAN_ID,TAG,FAHRT_ID,FAHRZEUG_ID,MITA_ID) values ('74','03.12.08','88','4','14');
Insert into EINSATZPLAN (EINPLAN_ID,TAG,FAHRT_ID,FAHRZEUG_ID,MITA_ID) values ('75','03.12.08','91','5','15');
Insert into EINSATZPLAN (EINPLAN_ID,TAG,FAHRT_ID,FAHRZEUG_ID,MITA_ID) values ('76','03.12.08','92','5','15');
Insert into EINSATZPLAN (EINPLAN_ID,TAG,FAHRT_ID,FAHRZEUG_ID,MITA_ID) values ('77','03.12.08','93','5','15');
Insert into EINSATZPLAN (EINPLAN_ID,TAG,FAHRT_ID,FAHRZEUG_ID,MITA_ID) values ('78','03.12.08','95','5','15');
Insert into EINSATZPLAN (EINPLAN_ID,TAG,FAHRT_ID,FAHRZEUG_ID,MITA_ID) values ('79','03.12.08','96','5','15');
Insert into EINSATZPLAN (EINPLAN_ID,TAG,FAHRT_ID,FAHRZEUG_ID,MITA_ID) values ('80','03.12.08','99','6','10');
Insert into EINSATZPLAN (EINPLAN_ID,TAG,FAHRT_ID,FAHRZEUG_ID,MITA_ID) values ('81','03.12.08','102','6','10');
Insert into EINSATZPLAN (EINPLAN_ID,TAG,FAHRT_ID,FAHRZEUG_ID,MITA_ID) values ('82','03.12.08','103','6','10');
Insert into EINSATZPLAN (EINPLAN_ID,TAG,FAHRT_ID,FAHRZEUG_ID,MITA_ID) values ('83','03.12.08','104','6','10');
Insert into EINSATZPLAN (EINPLAN_ID,TAG,FAHRT_ID,FAHRZEUG_ID,MITA_ID) values ('84','03.12.08','105','6','10');
Insert into EINSATZPLAN (EINPLAN_ID,TAG,FAHRT_ID,FAHRZEUG_ID,MITA_ID) values ('85','03.12.08','107','7','11');
Insert into EINSATZPLAN (EINPLAN_ID,TAG,FAHRT_ID,FAHRZEUG_ID,MITA_ID) values ('86','03.12.08','109','7','11');
Insert into EINSATZPLAN (EINPLAN_ID,TAG,FAHRT_ID,FAHRZEUG_ID,MITA_ID) values ('87','03.12.08','110','7','11');
Insert into EINSATZPLAN (EINPLAN_ID,TAG,FAHRT_ID,FAHRZEUG_ID,MITA_ID) values ('88','03.12.08','111','7','11');
Insert into EINSATZPLAN (EINPLAN_ID,TAG,FAHRT_ID,FAHRZEUG_ID,MITA_ID) values ('89','03.12.08','112','7','11');
Insert into EINSATZPLAN (EINPLAN_ID,TAG,FAHRT_ID,FAHRZEUG_ID,MITA_ID) values ('90','03.12.08','113','7','11');
Insert into EINSATZPLAN (EINPLAN_ID,TAG,FAHRT_ID,FAHRZEUG_ID,MITA_ID) values ('91','04.12.08','114','1','12');
Insert into EINSATZPLAN (EINPLAN_ID,TAG,FAHRT_ID,FAHRZEUG_ID,MITA_ID) values ('92','04.12.08','115','1','12');
Insert into EINSATZPLAN (EINPLAN_ID,TAG,FAHRT_ID,FAHRZEUG_ID,MITA_ID) values ('93','04.12.08','117','1','12');
Insert into EINSATZPLAN (EINPLAN_ID,TAG,FAHRT_ID,FAHRZEUG_ID,MITA_ID) values ('94','04.12.08','118','1','12');
Insert into EINSATZPLAN (EINPLAN_ID,TAG,FAHRT_ID,FAHRZEUG_ID,MITA_ID) values ('95','04.12.08','119','1','12');
Insert into EINSATZPLAN (EINPLAN_ID,TAG,FAHRT_ID,FAHRZEUG_ID,MITA_ID) values ('96','04.12.08','120','1','12');
Insert into EINSATZPLAN (EINPLAN_ID,TAG,FAHRT_ID,FAHRZEUG_ID,MITA_ID) values ('97','04.12.08','121','1','12');
Insert into EINSATZPLAN (EINPLAN_ID,TAG,FAHRT_ID,FAHRZEUG_ID,MITA_ID) values ('98','04.12.08','122','2','13');
Insert into EINSATZPLAN (EINPLAN_ID,TAG,FAHRT_ID,FAHRZEUG_ID,MITA_ID) values ('99','04.12.08','124','2','13');
Insert into EINSATZPLAN (EINPLAN_ID,TAG,FAHRT_ID,FAHRZEUG_ID,MITA_ID) values ('100','04.12.08','125','2','13');
Insert into EINSATZPLAN (EINPLAN_ID,TAG,FAHRT_ID,FAHRZEUG_ID,MITA_ID) values ('101','04.12.08','126','2','13');
Insert into EINSATZPLAN (EINPLAN_ID,TAG,FAHRT_ID,FAHRZEUG_ID,MITA_ID) values ('102','04.12.08','127','2','13');
Insert into EINSATZPLAN (EINPLAN_ID,TAG,FAHRT_ID,FAHRZEUG_ID,MITA_ID) values ('103','04.12.08','128','2','13');
Insert into EINSATZPLAN (EINPLAN_ID,TAG,FAHRT_ID,FAHRZEUG_ID,MITA_ID) values ('104','04.12.08','129','2','13');
Insert into EINSATZPLAN (EINPLAN_ID,TAG,FAHRT_ID,FAHRZEUG_ID,MITA_ID) values ('105','12.12.08','999999991','2','18');
Insert into EINSATZPLAN (EINPLAN_ID,TAG,FAHRT_ID,FAHRZEUG_ID,MITA_ID) values ('106','12.12.08','999999992','2','18');
Insert into EINSATZPLAN (EINPLAN_ID,TAG,FAHRT_ID,FAHRZEUG_ID,MITA_ID) values ('107','12.12.08','999999993','2','18');
Insert into EINSATZPLAN (EINPLAN_ID,TAG,FAHRT_ID,FAHRZEUG_ID,MITA_ID) values ('108','12.12.08','999999994','2','18');
Insert into EINSATZPLAN (EINPLAN_ID,TAG,FAHRT_ID,FAHRZEUG_ID,MITA_ID) values ('109','12.12.08','999999995','2','18');
Insert into EINSATZPLAN (EINPLAN_ID,TAG,FAHRT_ID,FAHRZEUG_ID,MITA_ID) values ('110','12.12.08','999999996','2','18');
Insert into EINSATZPLAN (EINPLAN_ID,TAG,FAHRT_ID,FAHRZEUG_ID,MITA_ID) values ('111','12.12.08','999999997','2','18');
Insert into EINSATZPLAN (EINPLAN_ID,TAG,FAHRT_ID,FAHRZEUG_ID,MITA_ID) values ('112','12.12.08','999999998','2','18');
Insert into EINSATZPLAN (EINPLAN_ID,TAG,FAHRT_ID,FAHRZEUG_ID,MITA_ID) values ('113','05.12.08','129','88888881','13');
Insert into EINSATZPLAN (EINPLAN_ID,TAG,FAHRT_ID,FAHRZEUG_ID,MITA_ID) values ('114','05.12.08','128','88888881','13');
Insert into EINSATZPLAN (EINPLAN_ID,TAG,FAHRT_ID,FAHRZEUG_ID,MITA_ID) values ('115','05.12.08','127','88888884','13');
Insert into EINSATZPLAN (EINPLAN_ID,TAG,FAHRT_ID,FAHRZEUG_ID,MITA_ID) values ('116','05.12.08','126','88888882','13');
Insert into EINSATZPLAN (EINPLAN_ID,TAG,FAHRT_ID,FAHRZEUG_ID,MITA_ID) values ('117','02.12.08','125','88888883','13');
Insert into EINSATZPLAN (EINPLAN_ID,TAG,FAHRT_ID,FAHRZEUG_ID,MITA_ID) values ('118','12.12.09','100','1','13');
Insert into EINSATZPLAN (EINPLAN_ID,TAG,FAHRT_ID,FAHRZEUG_ID,MITA_ID) values ('119','12.12.09','101','5','13');
Insert into EINSATZPLAN (EINPLAN_ID,TAG,FAHRT_ID,FAHRZEUG_ID,MITA_ID) values ('120','12.12.09','101','6','13');
Insert into EINSATZPLAN (EINPLAN_ID,TAG,FAHRT_ID,FAHRZEUG_ID,MITA_ID) values ('121','12.12.09','101','7','13');
Insert into EINSATZPLAN (EINPLAN_ID,TAG,FAHRT_ID,FAHRZEUG_ID,MITA_ID) values ('122','12.12.09','101','8','13');
Insert into EINSATZPLAN (EINPLAN_ID,TAG,FAHRT_ID,FAHRZEUG_ID,MITA_ID) values ('123','12.12.09','101','9','13');
Insert into EINSATZPLAN (EINPLAN_ID,TAG,FAHRT_ID,FAHRZEUG_ID,MITA_ID) values ('124','12.12.09','101','10','13');
Insert into FAHRTEN (FAHRT_ID,LINIEN_ID,ABFAHRTZEIT,RICHTUNG) values ('1','1','01.01.10','K-Hansaring');
Insert into FAHRTEN (FAHRT_ID,LINIEN_ID,ABFAHRTZEIT,RICHTUNG) values ('2','1','01.01.10','K-Hansaring');
Insert into FAHRTEN (FAHRT_ID,LINIEN_ID,ABFAHRTZEIT,RICHTUNG) values ('3','1','01.01.10','K-Hansaring');
Insert into FAHRTEN (FAHRT_ID,LINIEN_ID,ABFAHRTZEIT,RICHTUNG) values ('4','1','01.01.10','K-Hansaring');
Insert into FAHRTEN (FAHRT_ID,LINIEN_ID,ABFAHRTZEIT,RICHTUNG) values ('5','1','01.01.10','K-Hansaring');
Insert into FAHRTEN (FAHRT_ID,LINIEN_ID,ABFAHRTZEIT,RICHTUNG) values ('6','1','01.01.10','K-Hansaring');
Insert into FAHRTEN (FAHRT_ID,LINIEN_ID,ABFAHRTZEIT,RICHTUNG) values ('7','1','01.01.10','K-Hansaring');
Insert into FAHRTEN (FAHRT_ID,LINIEN_ID,ABFAHRTZEIT,RICHTUNG) values ('8','1','01.01.10','K-Hansaring');
Insert into FAHRTEN (FAHRT_ID,LINIEN_ID,ABFAHRTZEIT,RICHTUNG) values ('9','1','01.01.10','K-Hansaring');
Insert into FAHRTEN (FAHRT_ID,LINIEN_ID,ABFAHRTZEIT,RICHTUNG) values ('10','1','01.01.10','K-Hansaring');
Insert into FAHRTEN (FAHRT_ID,LINIEN_ID,ABFAHRTZEIT,RICHTUNG) values ('11','1','01.01.10','K-Hansaring');
Insert into FAHRTEN (FAHRT_ID,LINIEN_ID,ABFAHRTZEIT,RICHTUNG) values ('12','1','01.01.10','K-Hansaring');
Insert into FAHRTEN (FAHRT_ID,LINIEN_ID,ABFAHRTZEIT,RICHTUNG) values ('13','1','01.01.10','K-Hansaring');
Insert into FAHRTEN (FAHRT_ID,LINIEN_ID,ABFAHRTZEIT,RICHTUNG) values ('14','1','01.01.10','K-Hansaring');
Insert into FAHRTEN (FAHRT_ID,LINIEN_ID,ABFAHRTZEIT,RICHTUNG) values ('15','1','01.01.10','K-Hansaring');
Insert into FAHRTEN (FAHRT_ID,LINIEN_ID,ABFAHRTZEIT,RICHTUNG) values ('16','1','01.01.10','K-Hansaring');
Insert into FAHRTEN (FAHRT_ID,LINIEN_ID,ABFAHRTZEIT,RICHTUNG) values ('17','1','01.01.10','K-Hansaring');
Insert into FAHRTEN (FAHRT_ID,LINIEN_ID,ABFAHRTZEIT,RICHTUNG) values ('18','1','01.01.10','K-Hansaring');
Insert into FAHRTEN (FAHRT_ID,LINIEN_ID,ABFAHRTZEIT,RICHTUNG) values ('19','1','01.01.10','K-Hansaring');
Insert into FAHRTEN (FAHRT_ID,LINIEN_ID,ABFAHRTZEIT,RICHTUNG) values ('20','1','01.01.10','K-Hansaring');
Insert into FAHRTEN (FAHRT_ID,LINIEN_ID,ABFAHRTZEIT,RICHTUNG) values ('21','1','01.01.10','K-Hansaring');
Insert into FAHRTEN (FAHRT_ID,LINIEN_ID,ABFAHRTZEIT,RICHTUNG) values ('22','2','01.01.10','Olpe Bf');
Insert into FAHRTEN (FAHRT_ID,LINIEN_ID,ABFAHRTZEIT,RICHTUNG) values ('23','2','01.01.10','Pernze Sportplatz');
Insert into FAHRTEN (FAHRT_ID,LINIEN_ID,ABFAHRTZEIT,RICHTUNG) values ('24','2','01.01.10','Olpe Bf');
Insert into FAHRTEN (FAHRT_ID,LINIEN_ID,ABFAHRTZEIT,RICHTUNG) values ('25','2','01.01.10','Pernze Sportplatz');
Insert into FAHRTEN (FAHRT_ID,LINIEN_ID,ABFAHRTZEIT,RICHTUNG) values ('26','2','01.01.10','Pernze Sportplatz');
Insert into FAHRTEN (FAHRT_ID,LINIEN_ID,ABFAHRTZEIT,RICHTUNG) values ('27','2','01.01.10','Graf-Eberh.-Pl. ');
Insert into FAHRTEN (FAHRT_ID,LINIEN_ID,ABFAHRTZEIT,RICHTUNG) values ('28','2','01.01.10','Graf-Eberh.-Pl. ');
Insert into FAHRTEN (FAHRT_ID,LINIEN_ID,ABFAHRTZEIT,RICHTUNG) values ('29','2','01.01.10','Pernze Sportplatz');
Insert into FAHRTEN (FAHRT_ID,LINIEN_ID,ABFAHRTZEIT,RICHTUNG) values ('30','2','01.01.10','Graf-Eberh.-Pl. ');
Insert into FAHRTEN (FAHRT_ID,LINIEN_ID,ABFAHRTZEIT,RICHTUNG) values ('31','2','01.01.10','Graf-Eberh.-Pl. ');
Insert into FAHRTEN (FAHRT_ID,LINIEN_ID,ABFAHRTZEIT,RICHTUNG) values ('32','2','01.01.10','Pernze Sportplatz');
Insert into FAHRTEN (FAHRT_ID,LINIEN_ID,ABFAHRTZEIT,RICHTUNG) values ('33','2','01.01.10','Olpe Bf');
Insert into FAHRTEN (FAHRT_ID,LINIEN_ID,ABFAHRTZEIT,RICHTUNG) values ('34','2','01.01.10','Graf-Eberh.-Pl. ');
Insert into FAHRTEN (FAHRT_ID,LINIEN_ID,ABFAHRTZEIT,RICHTUNG) values ('35','2','01.01.10','Pernze Sportplatz');
Insert into FAHRTEN (FAHRT_ID,LINIEN_ID,ABFAHRTZEIT,RICHTUNG) values ('36','2','01.01.10','Graf-Eberh.-Pl. ');
Insert into FAHRTEN (FAHRT_ID,LINIEN_ID,ABFAHRTZEIT,RICHTUNG) values ('37','2','01.01.10','Olpe Bf');
Insert into FAHRTEN (FAHRT_ID,LINIEN_ID,ABFAHRTZEIT,RICHTUNG) values ('38','2','01.01.10','Graf-Eberh.-Pl. ');
Insert into FAHRTEN (FAHRT_ID,LINIEN_ID,ABFAHRTZEIT,RICHTUNG) values ('39','2','01.01.10','Pernze Sportplatz');
Insert into FAHRTEN (FAHRT_ID,LINIEN_ID,ABFAHRTZEIT,RICHTUNG) values ('40','2','01.01.10','Graf-Eberh.-Pl. ');
Insert into FAHRTEN (FAHRT_ID,LINIEN_ID,ABFAHRTZEIT,RICHTUNG) values ('41','2','01.01.10','Pernze Sportplatz');
Insert into FAHRTEN (FAHRT_ID,LINIEN_ID,ABFAHRTZEIT,RICHTUNG) values ('42','2','01.01.10','Graf-Eberh.-Pl. ');
Insert into FAHRTEN (FAHRT_ID,LINIEN_ID,ABFAHRTZEIT,RICHTUNG) values ('43','2','01.01.10','Olpe Bf');
Insert into FAHRTEN (FAHRT_ID,LINIEN_ID,ABFAHRTZEIT,RICHTUNG) values ('44','2','01.01.10','Graf-Eberh.-Pl. ');
Insert into FAHRTEN (FAHRT_ID,LINIEN_ID,ABFAHRTZEIT,RICHTUNG) values ('45','2','01.01.10','Pernze Sportplatz');
Insert into FAHRTEN (FAHRT_ID,LINIEN_ID,ABFAHRTZEIT,RICHTUNG) values ('46','2','01.01.10','Graf-Eberh.-Pl. ');
Insert into FAHRTEN (FAHRT_ID,LINIEN_ID,ABFAHRTZEIT,RICHTUNG) values ('47','2','01.01.10','Olpe Bf');
Insert into FAHRTEN (FAHRT_ID,LINIEN_ID,ABFAHRTZEIT,RICHTUNG) values ('48','2','01.01.10','Graf-Eberh.-Pl. ');
Insert into FAHRTEN (FAHRT_ID,LINIEN_ID,ABFAHRTZEIT,RICHTUNG) values ('49','2','01.01.10','Pernze Sportplatz');
Insert into FAHRTEN (FAHRT_ID,LINIEN_ID,ABFAHRTZEIT,RICHTUNG) values ('50','2','01.01.10','Graf-Eberh.-Pl. ');
Insert into FAHRTEN (FAHRT_ID,LINIEN_ID,ABFAHRTZEIT,RICHTUNG) values ('51','2','01.01.10','Pernze Sportplatz');
Insert into FAHRTEN (FAHRT_ID,LINIEN_ID,ABFAHRTZEIT,RICHTUNG) values ('52','2','01.01.10','Graf-Eberh.-Pl. ');
Insert into FAHRTEN (FAHRT_ID,LINIEN_ID,ABFAHRTZEIT,RICHTUNG) values ('53','2','01.01.10','Pernze Sportplatz');
Insert into FAHRTEN (FAHRT_ID,LINIEN_ID,ABFAHRTZEIT,RICHTUNG) values ('54','2','01.01.10','Graf-Eberh.-Pl. ');
Insert into FAHRTEN (FAHRT_ID,LINIEN_ID,ABFAHRTZEIT,RICHTUNG) values ('55','2','01.01.10','Olpe Bf');
Insert into FAHRTEN (FAHRT_ID,LINIEN_ID,ABFAHRTZEIT,RICHTUNG) values ('56','2','01.01.10','Graf-Eberh.-Pl. ');
Insert into FAHRTEN (FAHRT_ID,LINIEN_ID,ABFAHRTZEIT,RICHTUNG) values ('57','2','01.01.10','Pernze Sportplatz');
Insert into FAHRTEN (FAHRT_ID,LINIEN_ID,ABFAHRTZEIT,RICHTUNG) values ('58','2','01.01.10','Graf-Eberh.-Pl. ');
Insert into FAHRTEN (FAHRT_ID,LINIEN_ID,ABFAHRTZEIT,RICHTUNG) values ('59','2','01.01.10','Olpe Bf');
Insert into FAHRTEN (FAHRT_ID,LINIEN_ID,ABFAHRTZEIT,RICHTUNG) values ('60','2','01.01.10','Graf-Eberh.-Pl. ');
Insert into FAHRTEN (FAHRT_ID,LINIEN_ID,ABFAHRTZEIT,RICHTUNG) values ('61','2','01.01.10','Graf-Eberh.-Pl. ');
Insert into FAHRTEN (FAHRT_ID,LINIEN_ID,ABFAHRTZEIT,RICHTUNG) values ('62','2','01.01.10','Pernze Sportplatz');
Insert into FAHRTEN (FAHRT_ID,LINIEN_ID,ABFAHRTZEIT,RICHTUNG) values ('63','2','01.01.10','Olpe Bf');
Insert into FAHRTEN (FAHRT_ID,LINIEN_ID,ABFAHRTZEIT,RICHTUNG) values ('64','2','01.01.10','Graf-Eberh.-Pl. ');
Insert into FAHRTEN (FAHRT_ID,LINIEN_ID,ABFAHRTZEIT,RICHTUNG) values ('65','2','01.01.10','Graf-Eberh.-Pl. ');
Insert into FAHRTEN (FAHRT_ID,LINIEN_ID,ABFAHRTZEIT,RICHTUNG) values ('66','2','01.01.10','Olpe Bf');
Insert into FAHRTEN (FAHRT_ID,LINIEN_ID,ABFAHRTZEIT,RICHTUNG) values ('67','2','01.01.10','Pernze Sportplatz');
Insert into FAHRTEN (FAHRT_ID,LINIEN_ID,ABFAHRTZEIT,RICHTUNG) values ('68','2','01.01.10','Graf-Eberh.-Pl. ');
Insert into FAHRTEN (FAHRT_ID,LINIEN_ID,ABFAHRTZEIT,RICHTUNG) values ('69','2','01.01.10','Pernze Sportplatz');
Insert into FAHRTEN (FAHRT_ID,LINIEN_ID,ABFAHRTZEIT,RICHTUNG) values ('70','2','01.01.10','Graf-Eberh.-Pl. ');
Insert into FAHRTEN (FAHRT_ID,LINIEN_ID,ABFAHRTZEIT,RICHTUNG) values ('71','2','01.01.10','Pernze Sportplatz');
Insert into FAHRTEN (FAHRT_ID,LINIEN_ID,ABFAHRTZEIT,RICHTUNG) values ('72','2','01.01.10','Graf-Eberh.-Pl. ');
Insert into FAHRTEN (FAHRT_ID,LINIEN_ID,ABFAHRTZEIT,RICHTUNG) values ('73','2','01.01.10','Graf-Eberh.-Pl. ');
Insert into FAHRTEN (FAHRT_ID,LINIEN_ID,ABFAHRTZEIT,RICHTUNG) values ('74','2','01.01.10','Pernze Sportplatz');
Insert into FAHRTEN (FAHRT_ID,LINIEN_ID,ABFAHRTZEIT,RICHTUNG) values ('75','2','01.01.10','Graf-Eberh.-Pl. ');
Insert into FAHRTEN (FAHRT_ID,LINIEN_ID,ABFAHRTZEIT,RICHTUNG) values ('76','2','01.01.10','Pernze Sportplatz');
Insert into FAHRTEN (FAHRT_ID,LINIEN_ID,ABFAHRTZEIT,RICHTUNG) values ('77','2','01.01.10','Pernze Sportplatz');
Insert into FAHRTEN (FAHRT_ID,LINIEN_ID,ABFAHRTZEIT,RICHTUNG) values ('78','2','01.01.10','Graf-Eberh.-Pl. ');
Insert into FAHRTEN (FAHRT_ID,LINIEN_ID,ABFAHRTZEIT,RICHTUNG) values ('79','2','01.01.10','Graf-Eberh.-Pl. ');
Insert into FAHRTEN (FAHRT_ID,LINIEN_ID,ABFAHRTZEIT,RICHTUNG) values ('80','2','01.01.10','Pernze Sportplatz');
Insert into FAHRTEN (FAHRT_ID,LINIEN_ID,ABFAHRTZEIT,RICHTUNG) values ('81','3','01.01.10','Dieringhausen Bf. ');
Insert into FAHRTEN (FAHRT_ID,LINIEN_ID,ABFAHRTZEIT,RICHTUNG) values ('82','3','01.01.10','Hagen/würden');
Insert into FAHRTEN (FAHRT_ID,LINIEN_ID,ABFAHRTZEIT,RICHTUNG) values ('83','3','01.01.10','Neuremscheid');
Insert into FAHRTEN (FAHRT_ID,LINIEN_ID,ABFAHRTZEIT,RICHTUNG) values ('84','3','01.01.10','Dieringhausen Bf. ');
Insert into FAHRTEN (FAHRT_ID,LINIEN_ID,ABFAHRTZEIT,RICHTUNG) values ('85','3','01.01.10','Lindlar Busbf. ');
Insert into FAHRTEN (FAHRT_ID,LINIEN_ID,ABFAHRTZEIT,RICHTUNG) values ('86','3','01.01.10','Lindlar Busbf. ');
Insert into FAHRTEN (FAHRT_ID,LINIEN_ID,ABFAHRTZEIT,RICHTUNG) values ('87','3','01.01.10','Dieringhausen Bf. ');
Insert into FAHRTEN (FAHRT_ID,LINIEN_ID,ABFAHRTZEIT,RICHTUNG) values ('88','3','01.01.10','Lindlar Busbf. ');
Insert into FAHRTEN (FAHRT_ID,LINIEN_ID,ABFAHRTZEIT,RICHTUNG) values ('89','3','01.01.10','Neuremscheid');
Insert into FAHRTEN (FAHRT_ID,LINIEN_ID,ABFAHRTZEIT,RICHTUNG) values ('90','3','01.01.10','Neuremscheid');
Insert into FAHRTEN (FAHRT_ID,LINIEN_ID,ABFAHRTZEIT,RICHTUNG) values ('91','3','01.01.10','Dieringhausen Bf. ');
Insert into FAHRTEN (FAHRT_ID,LINIEN_ID,ABFAHRTZEIT,RICHTUNG) values ('92','3','01.01.10','Dieringhausen Bf. ');
Insert into FAHRTEN (FAHRT_ID,LINIEN_ID,ABFAHRTZEIT,RICHTUNG) values ('93','3','01.01.10','Lindlar Busbf. ');
Insert into FAHRTEN (FAHRT_ID,LINIEN_ID,ABFAHRTZEIT,RICHTUNG) values ('94','3','01.01.10','Dieringhausen Bf. ');
Insert into FAHRTEN (FAHRT_ID,LINIEN_ID,ABFAHRTZEIT,RICHTUNG) values ('95','3','01.01.10','Lindlar Busbf. ');
Insert into FAHRTEN (FAHRT_ID,LINIEN_ID,ABFAHRTZEIT,RICHTUNG) values ('96','3','01.01.10','Neuremscheid');
Insert into FAHRTEN (FAHRT_ID,LINIEN_ID,ABFAHRTZEIT,RICHTUNG) values ('97','3','01.01.10','Dieringhausen Bf. ');
Insert into FAHRTEN (FAHRT_ID,LINIEN_ID,ABFAHRTZEIT,RICHTUNG) values ('98','3','01.01.10','Neuremscheid');
Insert into FAHRTEN (FAHRT_ID,LINIEN_ID,ABFAHRTZEIT,RICHTUNG) values ('99','4','01.01.10','Ründeroth');
Insert into FAHRTEN (FAHRT_ID,LINIEN_ID,ABFAHRTZEIT,RICHTUNG) values ('100','4','01.01.10','Ründeroth');
Insert into FAHRTEN (FAHRT_ID,LINIEN_ID,ABFAHRTZEIT,RICHTUNG) values ('101','4','01.01.10','Ründeroth');
Insert into FAHRTEN (FAHRT_ID,LINIEN_ID,ABFAHRTZEIT,RICHTUNG) values ('102','4','01.01.10','Ründeroth');
Insert into FAHRTEN (FAHRT_ID,LINIEN_ID,ABFAHRTZEIT,RICHTUNG) values ('103','4','01.01.10','Ründeroth');
Insert into FAHRTEN (FAHRT_ID,LINIEN_ID,ABFAHRTZEIT,RICHTUNG) values ('104','4','01.01.10','Ründeroth');
Insert into FAHRTEN (FAHRT_ID,LINIEN_ID,ABFAHRTZEIT,RICHTUNG) values ('105','4','01.01.10','Ründeroth');
Insert into FAHRTEN (FAHRT_ID,LINIEN_ID,ABFAHRTZEIT,RICHTUNG) values ('106','4','01.01.10','Ründeroth');
Insert into FAHRTEN (FAHRT_ID,LINIEN_ID,ABFAHRTZEIT,RICHTUNG) values ('107','4','01.01.10','Ründeroth');
Insert into FAHRTEN (FAHRT_ID,LINIEN_ID,ABFAHRTZEIT,RICHTUNG) values ('108','4','01.01.10','Strombach');
Insert into FAHRTEN (FAHRT_ID,LINIEN_ID,ABFAHRTZEIT,RICHTUNG) values ('109','4','01.01.10','Strombach');
Insert into FAHRTEN (FAHRT_ID,LINIEN_ID,ABFAHRTZEIT,RICHTUNG) values ('110','4','01.01.10','Ründeroth');
Insert into FAHRTEN (FAHRT_ID,LINIEN_ID,ABFAHRTZEIT,RICHTUNG) values ('111','4','01.01.10','Ründeroth');
Insert into FAHRTEN (FAHRT_ID,LINIEN_ID,ABFAHRTZEIT,RICHTUNG) values ('112','4','01.01.10','Ründeroth');
Insert into FAHRTEN (FAHRT_ID,LINIEN_ID,ABFAHRTZEIT,RICHTUNG) values ('113','4','01.01.10','Ründeroth');
Insert into FAHRTEN (FAHRT_ID,LINIEN_ID,ABFAHRTZEIT,RICHTUNG) values ('114','5','01.01.10','Lieberhausen');
Insert into FAHRTEN (FAHRT_ID,LINIEN_ID,ABFAHRTZEIT,RICHTUNG) values ('115','5','01.01.10','Piene');
Insert into FAHRTEN (FAHRT_ID,LINIEN_ID,ABFAHRTZEIT,RICHTUNG) values ('116','5','01.01.10','Lieberhausen');
Insert into FAHRTEN (FAHRT_ID,LINIEN_ID,ABFAHRTZEIT,RICHTUNG) values ('117','5','01.01.10','Lieberhausen');
Insert into FAHRTEN (FAHRT_ID,LINIEN_ID,ABFAHRTZEIT,RICHTUNG) values ('118','5','01.01.10','Lieberhausen');
Insert into FAHRTEN (FAHRT_ID,LINIEN_ID,ABFAHRTZEIT,RICHTUNG) values ('119','5','01.01.10','Lieberhausen');
Insert into FAHRTEN (FAHRT_ID,LINIEN_ID,ABFAHRTZEIT,RICHTUNG) values ('120','5','01.01.10','Lieberhausen');
Insert into FAHRTEN (FAHRT_ID,LINIEN_ID,ABFAHRTZEIT,RICHTUNG) values ('121','5','01.01.10','Lieberhausen');
Insert into FAHRTEN (FAHRT_ID,LINIEN_ID,ABFAHRTZEIT,RICHTUNG) values ('122','5','01.01.10','Piene');
Insert into FAHRTEN (FAHRT_ID,LINIEN_ID,ABFAHRTZEIT,RICHTUNG) values ('123','5','01.01.10','Lieberhausen');
Insert into FAHRTEN (FAHRT_ID,LINIEN_ID,ABFAHRTZEIT,RICHTUNG) values ('124','5','01.01.10','Pernze Sportplatz');
Insert into FAHRTEN (FAHRT_ID,LINIEN_ID,ABFAHRTZEIT,RICHTUNG) values ('125','5','01.01.10','Piene');
Insert into FAHRTEN (FAHRT_ID,LINIEN_ID,ABFAHRTZEIT,RICHTUNG) values ('126','5','01.01.10','Pernze Sportplatz');
Insert into FAHRTEN (FAHRT_ID,LINIEN_ID,ABFAHRTZEIT,RICHTUNG) values ('127','5','01.01.10','Lieberhausen');
Insert into FAHRTEN (FAHRT_ID,LINIEN_ID,ABFAHRTZEIT,RICHTUNG) values ('128','5','01.01.10','Lieberhausen');
Insert into FAHRTEN (FAHRT_ID,LINIEN_ID,ABFAHRTZEIT,RICHTUNG) values ('129','5','01.01.10','Lieberhausen');
Insert into FAHRTEN (FAHRT_ID,LINIEN_ID,ABFAHRTZEIT,RICHTUNG) values ('999999991','1','01.01.10','Lieberhausen');
Insert into FAHRTEN (FAHRT_ID,LINIEN_ID,ABFAHRTZEIT,RICHTUNG) values ('999999992','2','01.01.10','Lieberhausen');
Insert into FAHRTEN (FAHRT_ID,LINIEN_ID,ABFAHRTZEIT,RICHTUNG) values ('999999993','3','01.01.10','Lieberhausen');
Insert into FAHRTEN (FAHRT_ID,LINIEN_ID,ABFAHRTZEIT,RICHTUNG) values ('999999994','4','01.01.10','Lieberhausen');
Insert into FAHRTEN (FAHRT_ID,LINIEN_ID,ABFAHRTZEIT,RICHTUNG) values ('999999995','5','01.01.10','Lieberhausen');
Insert into FAHRTEN (FAHRT_ID,LINIEN_ID,ABFAHRTZEIT,RICHTUNG) values ('999999996','6','01.01.10','Lieberhausen');
Insert into FAHRTEN (FAHRT_ID,LINIEN_ID,ABFAHRTZEIT,RICHTUNG) values ('999999997','7','01.01.10','Lieberhausen');
Insert into FAHRTEN (FAHRT_ID,LINIEN_ID,ABFAHRTZEIT,RICHTUNG) values ('999999998','8','01.01.10','Lieberhausen');
Insert into FUEHRERSCHEINKLASSEN (FKLASSEN_ID,KUERZEL,BEZEICHNUNG,ERKLAERUNG,MAX_SITZE) values ('1','D','Busklasse',' ab 21 Jahre','24');
Insert into FUEHRERSCHEINKLASSEN (FKLASSEN_ID,KUERZEL,BEZEICHNUNG,ERKLAERUNG,MAX_SITZE) values ('2','D1E','Busklasse','ab 21 Jahre','16');
Insert into FUEHRERSCHEINKLASSEN (FKLASSEN_ID,KUERZEL,BEZEICHNUNG,ERKLAERUNG,MAX_SITZE) values ('3','B','PKW-klasse','ab 18 Jahre','8');
Insert into HALTESTELLE (HALTESTELLEN_ID,NAME_DER_HALTESTELLE,X_KOORDINATE,Y_KOORDINATE) values ('1','Marienheide','51° 4‘  N','7° 31‘ O');
Insert into HALTESTELLE (HALTESTELLEN_ID,NAME_DER_HALTESTELLE,X_KOORDINATE,Y_KOORDINATE) values ('2','Gummersbach','51° 12‘ N','7° 34‘ O');
Insert into HALTESTELLE (HALTESTELLEN_ID,NAME_DER_HALTESTELLE,X_KOORDINATE,Y_KOORDINATE) values ('3','Dieringhausen','50° 59‘  6‘ N','7° 32‘ 32‘‘ O');
Insert into HALTESTELLE (HALTESTELLEN_ID,NAME_DER_HALTESTELLE,X_KOORDINATE,Y_KOORDINATE) values ('4','Ründeroth','50° 59‘ 30‘‘ N','7° 27‘ 0‘‘ O');
Insert into HALTESTELLE (HALTESTELLEN_ID,NAME_DER_HALTESTELLE,X_KOORDINATE,Y_KOORDINATE) values ('5','Engelskichen','50° 59’ N','7° 24‘ O');
Insert into HALTESTELLE (HALTESTELLEN_ID,NAME_DER_HALTESTELLE,X_KOORDINATE,Y_KOORDINATE) values ('6','Overath','50° 55’ N','7° 17’ O');
Insert into HALTESTELLE (HALTESTELLEN_ID,NAME_DER_HALTESTELLE,X_KOORDINATE,Y_KOORDINATE) values ('7','Honrath','50° 54’ 38‘‘ N',' 7° 15’ 10’’ O');
Insert into HALTESTELLE (HALTESTELLEN_ID,NAME_DER_HALTESTELLE,X_KOORDINATE,Y_KOORDINATE) values ('8','Hoffnungsthal','50° 54‘ N ','7° 11‘ O');
Insert into HALTESTELLE (HALTESTELLEN_ID,NAME_DER_HALTESTELLE,X_KOORDINATE,Y_KOORDINATE) values ('9','Rösrath','50° 54’ N','7° 10’ O');
Insert into HALTESTELLE (HALTESTELLEN_ID,NAME_DER_HALTESTELLE,X_KOORDINATE,Y_KOORDINATE) values ('10','Rösrath-Stümpen','50° 53’ N','7° 9’ O');
Insert into HALTESTELLE (HALTESTELLEN_ID,NAME_DER_HALTESTELLE,X_KOORDINATE,Y_KOORDINATE) values ('11','K Frankfurterstr.','50° 54’ N','7° 3’ O');
Insert into HALTESTELLE (HALTESTELLEN_ID,NAME_DER_HALTESTELLE,X_KOORDINATE,Y_KOORDINATE) values ('12','K Trimbornstr.','50° 56’ N','6° 59’ O');
Insert into HALTESTELLE (HALTESTELLEN_ID,NAME_DER_HALTESTELLE,X_KOORDINATE,Y_KOORDINATE) values ('13','K Messe/Deutz','50° 56’ N','6° 58’ O');
Insert into HALTESTELLE (HALTESTELLEN_ID,NAME_DER_HALTESTELLE,X_KOORDINATE,Y_KOORDINATE) values ('14','K Hbf','50° 56’ N','6° 57’ O');
Insert into HALTESTELLE (HALTESTELLEN_ID,NAME_DER_HALTESTELLE,X_KOORDINATE,Y_KOORDINATE) values ('15','K Hansaring','50° 56’ N','6° 57’ O');
Insert into HALTESTELLE (HALTESTELLEN_ID,NAME_DER_HALTESTELLE,X_KOORDINATE,Y_KOORDINATE) values ('16','Kreiskrankenhaus','51° 05’ N','7° 34’ O');
Insert into HALTESTELLE (HALTESTELLEN_ID,NAME_DER_HALTESTELLE,X_KOORDINATE,Y_KOORDINATE) values ('17','Gummersbacher Str.','51° 02’ N','7° 34’ O');
Insert into HALTESTELLE (HALTESTELLEN_ID,NAME_DER_HALTESTELLE,X_KOORDINATE,Y_KOORDINATE) values ('18','Niederseßmar Post','51° 01’ N','7° 34’ O');
Insert into HALTESTELLE (HALTESTELLEN_ID,NAME_DER_HALTESTELLE,X_KOORDINATE,Y_KOORDINATE) values ('19','Betriebshof','51° 01’ N','7° 35’ O');
Insert into HALTESTELLE (HALTESTELLEN_ID,NAME_DER_HALTESTELLE,X_KOORDINATE,Y_KOORDINATE) values ('20','Rebbelroth','51° 01’ N','7° 35’ O');
Insert into HALTESTELLE (HALTESTELLEN_ID,NAME_DER_HALTESTELLE,X_KOORDINATE,Y_KOORDINATE) values ('21','Großenohl','51° 02’ N','7° 36’ O');
Insert into HALTESTELLE (HALTESTELLEN_ID,NAME_DER_HALTESTELLE,X_KOORDINATE,Y_KOORDINATE) values ('22','Derschlag,Mitte','51° 02’ N','7° 37’ O');
Insert into HALTESTELLE (HALTESTELLEN_ID,NAME_DER_HALTESTELLE,X_KOORDINATE,Y_KOORDINATE) values ('23','Derschlag, Busbf.','51° 02’ N','7° 37’ O');
Insert into HALTESTELLE (HALTESTELLEN_ID,NAME_DER_HALTESTELLE,X_KOORDINATE,Y_KOORDINATE) values ('24','Gymnasium','51° 05’ N','7° 38’ O');
Insert into HALTESTELLE (HALTESTELLEN_ID,NAME_DER_HALTESTELLE,X_KOORDINATE,Y_KOORDINATE) values ('25','Wilhelmstraße','51° 16’ N','7° 38’ O');
Insert into HALTESTELLE (HALTESTELLEN_ID,NAME_DER_HALTESTELLE,X_KOORDINATE,Y_KOORDINATE) values ('26','Graf-Eberh.-Pl. (Zentr.)','51° 11’ N','7° 38’ O');
Insert into HALTESTELLE (HALTESTELLEN_ID,NAME_DER_HALTESTELLE,X_KOORDINATE,Y_KOORDINATE) values ('27','Rathhaus','51° 11’ N','7° 39’ O');
Insert into HALTESTELLE (HALTESTELLEN_ID,NAME_DER_HALTESTELLE,X_KOORDINATE,Y_KOORDINATE) values ('28','Burstenstraße','51° 11’ N','7° 39’ O');
Insert into HALTESTELLE (HALTESTELLEN_ID,NAME_DER_HALTESTELLE,X_KOORDINATE,Y_KOORDINATE) values ('29','Wiedeneststraße','51° 12’ N','7° 40’ O');
Insert into HALTESTELLE (HALTESTELLEN_ID,NAME_DER_HALTESTELLE,X_KOORDINATE,Y_KOORDINATE) values ('30','Freibad','51° 12’ N','7° 40’ O');
Insert into HALTESTELLE (HALTESTELLEN_ID,NAME_DER_HALTESTELLE,X_KOORDINATE,Y_KOORDINATE) values ('31','In der Bockemühle','51° 13’ N','7° 41’ O');
Insert into HALTESTELLE (HALTESTELLEN_ID,NAME_DER_HALTESTELLE,X_KOORDINATE,Y_KOORDINATE) values ('32','Wiedenest','51° 15’ N','7° 41’ O');
Insert into HALTESTELLE (HALTESTELLEN_ID,NAME_DER_HALTESTELLE,X_KOORDINATE,Y_KOORDINATE) values ('33','Lieberhausenerstraße','51° 21’ N','7° 41’ O');
Insert into HALTESTELLE (HALTESTELLEN_ID,NAME_DER_HALTESTELLE,X_KOORDINATE,Y_KOORDINATE) values ('34','Pernze Sportplatz','51° 23’ N','7° 42’ O');
Insert into HALTESTELLE (HALTESTELLEN_ID,NAME_DER_HALTESTELLE,X_KOORDINATE,Y_KOORDINATE) values ('35','Kreuzstraße','51° 22’ N','7° 42’ O');
Insert into HALTESTELLE (HALTESTELLEN_ID,NAME_DER_HALTESTELLE,X_KOORDINATE,Y_KOORDINATE) values ('36','Wegeringhausen','51° 24’ N','7° 44’ O');
Insert into HALTESTELLE (HALTESTELLEN_ID,NAME_DER_HALTESTELLE,X_KOORDINATE,Y_KOORDINATE) values ('37','Hützemert','51° 21’ N','7° 44’ O');
Insert into HALTESTELLE (HALTESTELLEN_ID,NAME_DER_HALTESTELLE,X_KOORDINATE,Y_KOORDINATE) values ('38','Meyer-Teubner','51° 14’ N','7° 46’ O');
Insert into HALTESTELLE (HALTESTELLEN_ID,NAME_DER_HALTESTELLE,X_KOORDINATE,Y_KOORDINATE) values ('39','Drolshagen Markt','51° 12’ N','7° 46’ O');
Insert into HALTESTELLE (HALTESTELLEN_ID,NAME_DER_HALTESTELLE,X_KOORDINATE,Y_KOORDINATE) values ('40','Wenkhausen','51° 13’ N','7° 47’ O');
Insert into HALTESTELLE (HALTESTELLEN_ID,NAME_DER_HALTESTELLE,X_KOORDINATE,Y_KOORDINATE) values ('41','Eichen','51° 11’ N','7° 48’ O');
Insert into HALTESTELLE (HALTESTELLEN_ID,NAME_DER_HALTESTELLE,X_KOORDINATE,Y_KOORDINATE) values ('42','Rosenthal','51° 15’ N','7° 49’ O');
Insert into HALTESTELLE (HALTESTELLEN_ID,NAME_DER_HALTESTELLE,X_KOORDINATE,Y_KOORDINATE) values ('43','Olpe Bf.','51° 14’ N','7° 50’ O');
Insert into HALTESTELLE (HALTESTELLEN_ID,NAME_DER_HALTESTELLE,X_KOORDINATE,Y_KOORDINATE) values ('44','Rathaus','51° 14’ N','7° 34’ O');
Insert into HALTESTELLE (HALTESTELLEN_ID,NAME_DER_HALTESTELLE,X_KOORDINATE,Y_KOORDINATE) values ('45','EKZ, Baumhof','51° 13’ N','7° 33’ O');
Insert into HALTESTELLE (HALTESTELLEN_ID,NAME_DER_HALTESTELLE,X_KOORDINATE,Y_KOORDINATE) values ('46','Brückenstraße','51° 12’ N','7° 33’ O');
Insert into HALTESTELLE (HALTESTELLEN_ID,NAME_DER_HALTESTELLE,X_KOORDINATE,Y_KOORDINATE) values ('47','Westfriedhof','51° 12’ N','7° 33’ O');
Insert into HALTESTELLE (HALTESTELLEN_ID,NAME_DER_HALTESTELLE,X_KOORDINATE,Y_KOORDINATE) values ('48','Karlskamp','51° 12’ N','7° 32’ O');
Insert into HALTESTELLE (HALTESTELLEN_ID,NAME_DER_HALTESTELLE,X_KOORDINATE,Y_KOORDINATE) values ('49','Strombach Weststr.','51° 12’ N','7° 31’ O');
Insert into HALTESTELLE (HALTESTELLEN_ID,NAME_DER_HALTESTELLE,X_KOORDINATE,Y_KOORDINATE) values ('50','Strombach Mitte','51° 12’ N','7° 31’ O');
Insert into HALTESTELLE (HALTESTELLEN_ID,NAME_DER_HALTESTELLE,X_KOORDINATE,Y_KOORDINATE) values ('51','Lope','51° 05’ N','7° 31’ O');
Insert into HALTESTELLE (HALTESTELLEN_ID,NAME_DER_HALTESTELLE,X_KOORDINATE,Y_KOORDINATE) values ('52','Zum Niederfeld','51° 01’ N','7° 31’ O');
Insert into HALTESTELLE (HALTESTELLEN_ID,NAME_DER_HALTESTELLE,X_KOORDINATE,Y_KOORDINATE) values ('53','Lobscheid Mitte','51° 01’ N','7° 31’ O');
Insert into HALTESTELLE (HALTESTELLEN_ID,NAME_DER_HALTESTELLE,X_KOORDINATE,Y_KOORDINATE) values ('54','Burgbergstraße','51° 06’ N','7° 31’ O');
Insert into HALTESTELLE (HALTESTELLEN_ID,NAME_DER_HALTESTELLE,X_KOORDINATE,Y_KOORDINATE) values ('55','Am Stein','50° 59’ N','7° 31’ O');
Insert into HALTESTELLE (HALTESTELLEN_ID,NAME_DER_HALTESTELLE,X_KOORDINATE,Y_KOORDINATE) values ('56','Hohler Straße','50° 59’ N','7° 31’ O');
Insert into HALTESTELLE (HALTESTELLEN_ID,NAME_DER_HALTESTELLE,X_KOORDINATE,Y_KOORDINATE) values ('57','Friedhofstr.','50° 59’ N','7° 31’ O');
Insert into HALTESTELLE (HALTESTELLEN_ID,NAME_DER_HALTESTELLE,X_KOORDINATE,Y_KOORDINATE) values ('58','Gustav Adolf Str.','50° 59’ N','7° 32’ O');
Insert into HALTESTELLE (HALTESTELLEN_ID,NAME_DER_HALTESTELLE,X_KOORDINATE,Y_KOORDINATE) values ('59','Dieringhausen Bf.','50° 59’ N','7° 32’ O');
Insert into HALTESTELLE (HALTESTELLEN_ID,NAME_DER_HALTESTELLE,X_KOORDINATE,Y_KOORDINATE) values ('60','Veste','51° 37’ N','7° 31’ O');
Insert into HALTESTELLE (HALTESTELLEN_ID,NAME_DER_HALTESTELLE,X_KOORDINATE,Y_KOORDINATE) values ('61','Waldesruh','51° 14’ N','7° 30’ O');
Insert into HALTESTELLE (HALTESTELLEN_ID,NAME_DER_HALTESTELLE,X_KOORDINATE,Y_KOORDINATE) values ('62','Lützinghausen','51° 14’ N','7° 29’ O');
Insert into HALTESTELLE (HALTESTELLEN_ID,NAME_DER_HALTESTELLE,X_KOORDINATE,Y_KOORDINATE) values ('63','Birnbaum Abzw.','51° 14’ N','7° 29’ O');
Insert into HALTESTELLE (HALTESTELLEN_ID,NAME_DER_HALTESTELLE,X_KOORDINATE,Y_KOORDINATE) values ('64','Hülsenbusch','51° 28’ N','7° 29’ O');
Insert into HALTESTELLE (HALTESTELLEN_ID,NAME_DER_HALTESTELLE,X_KOORDINATE,Y_KOORDINATE) values ('65','Hülsenhof','51° 22’ N','7° 29’ O');
Insert into HALTESTELLE (HALTESTELLEN_ID,NAME_DER_HALTESTELLE,X_KOORDINATE,Y_KOORDINATE) values ('66','Wegescheid','51° 24’ N','7° 30’ O');
Insert into HALTESTELLE (HALTESTELLEN_ID,NAME_DER_HALTESTELLE,X_KOORDINATE,Y_KOORDINATE) values ('67','Obergelpe','51° 22’ N','7° 29’ O');
Insert into HALTESTELLE (HALTESTELLEN_ID,NAME_DER_HALTESTELLE,X_KOORDINATE,Y_KOORDINATE) values ('68','Neusiedler Weg','51° 22’ N','7° 29’ O');
Insert into HALTESTELLE (HALTESTELLEN_ID,NAME_DER_HALTESTELLE,X_KOORDINATE,Y_KOORDINATE) values ('69','Niedergelpe','51° 22’ N','7° 28’ O');
Insert into HALTESTELLE (HALTESTELLEN_ID,NAME_DER_HALTESTELLE,X_KOORDINATE,Y_KOORDINATE) values ('70','Kalkkuhl','51° 15’ N','7° 28’ O');
Insert into HALTESTELLE (HALTESTELLEN_ID,NAME_DER_HALTESTELLE,X_KOORDINATE,Y_KOORDINATE) values ('71','Nochen','51° 14’ N','7° 28’ O');
Insert into HALTESTELLE (HALTESTELLEN_ID,NAME_DER_HALTESTELLE,X_KOORDINATE,Y_KOORDINATE) values ('72','Berghausen','51° 21’ N','7° 27’ O');
Insert into HALTESTELLE (HALTESTELLEN_ID,NAME_DER_HALTESTELLE,X_KOORDINATE,Y_KOORDINATE) values ('73','Berghausen, Siedlung','51° 24’ N','7° 27’ O');
Insert into HALTESTELLE (HALTESTELLEN_ID,NAME_DER_HALTESTELLE,X_KOORDINATE,Y_KOORDINATE) values ('74','Hagen/Würden','51° 15’ N','7° 26’ O');
Insert into HALTESTELLE (HALTESTELLEN_ID,NAME_DER_HALTESTELLE,X_KOORDINATE,Y_KOORDINATE) values ('75','Peisel','51° 14’ N','7° 28’ O');
Insert into HALTESTELLE (HALTESTELLEN_ID,NAME_DER_HALTESTELLE,X_KOORDINATE,Y_KOORDINATE) values ('76','Elbach','51° 13’ N','7° 27’ O');
Insert into HALTESTELLE (HALTESTELLEN_ID,NAME_DER_HALTESTELLE,X_KOORDINATE,Y_KOORDINATE) values ('77','Flaberg','51° 12’ N','7° 27’ O');
Insert into HALTESTELLE (HALTESTELLEN_ID,NAME_DER_HALTESTELLE,X_KOORDINATE,Y_KOORDINATE) values ('78','Hahn Abzw.','51° 11’ N','7° 26’ O');
Insert into HALTESTELLE (HALTESTELLEN_ID,NAME_DER_HALTESTELLE,X_KOORDINATE,Y_KOORDINATE) values ('79','Neuremscheid','51° 16’ N','7° 26’ O');
Insert into HALTESTELLE (HALTESTELLEN_ID,NAME_DER_HALTESTELLE,X_KOORDINATE,Y_KOORDINATE) values ('80','Papiermühle','51° 05’ N','7° 26’ O');
Insert into HALTESTELLE (HALTESTELLEN_ID,NAME_DER_HALTESTELLE,X_KOORDINATE,Y_KOORDINATE) values ('81','Bickenbach','51° 03’ N','7° 26’ O');
Insert into HALTESTELLE (HALTESTELLEN_ID,NAME_DER_HALTESTELLE,X_KOORDINATE,Y_KOORDINATE) values ('82','Am Weiher','51° 11’ N','7° 25’ O');
Insert into HALTESTELLE (HALTESTELLEN_ID,NAME_DER_HALTESTELLE,X_KOORDINATE,Y_KOORDINATE) values ('83','Remshagen','51° 11’ N','7° 25’ O');
Insert into HALTESTELLE (HALTESTELLEN_ID,NAME_DER_HALTESTELLE,X_KOORDINATE,Y_KOORDINATE) values ('84','Horpe','51° 12’ N','7° 24’ O');
Insert into HALTESTELLE (HALTESTELLEN_ID,NAME_DER_HALTESTELLE,X_KOORDINATE,Y_KOORDINATE) values ('85','Eichholz','51° 13’ N','7° 24’ O');
Insert into HALTESTELLE (HALTESTELLEN_ID,NAME_DER_HALTESTELLE,X_KOORDINATE,Y_KOORDINATE) values ('86','Kirschbäumchen','51° 11’ N','7° 23’ O');
Insert into HALTESTELLE (HALTESTELLEN_ID,NAME_DER_HALTESTELLE,X_KOORDINATE,Y_KOORDINATE) values ('87','Lindlar Busbf.','51° 18’ N','7° 22’ O');
Insert into HALTESTELLE (HALTESTELLEN_ID,NAME_DER_HALTESTELLE,X_KOORDINATE,Y_KOORDINATE) values ('88','Kirchfeld','51° 11’ N','7° 33’ O');
Insert into HALTESTELLE (HALTESTELLEN_ID,NAME_DER_HALTESTELLE,X_KOORDINATE,Y_KOORDINATE) values ('89','Ludwigwinkelstr,','51° 05’ N','7° 33’ O');
Insert into HALTESTELLE (HALTESTELLEN_ID,NAME_DER_HALTESTELLE,X_KOORDINATE,Y_KOORDINATE) values ('90','Rospe, Tabbert','51° 04’ N','7° 33’ O');
Insert into HALTESTELLE (HALTESTELLEN_ID,NAME_DER_HALTESTELLE,X_KOORDINATE,Y_KOORDINATE) values ('91','Hardtstr.','51° 04’ N','7° 33’ O');
Insert into HALTESTELLE (HALTESTELLEN_ID,NAME_DER_HALTESTELLE,X_KOORDINATE,Y_KOORDINATE) values ('92','Vor der Hardt','51° 04’ N','7° 32’ O');
Insert into HALTESTELLE (HALTESTELLEN_ID,NAME_DER_HALTESTELLE,X_KOORDINATE,Y_KOORDINATE) values ('93','Hanfgarten','51° 05’ N','7° 32’ O');
Insert into HALTESTELLE (HALTESTELLEN_ID,NAME_DER_HALTESTELLE,X_KOORDINATE,Y_KOORDINATE) values ('94','Siebenburger Siedlung','51° 19’ N','7° 31’ O');
Insert into HALTESTELLE (HALTESTELLEN_ID,NAME_DER_HALTESTELLE,X_KOORDINATE,Y_KOORDINATE) values ('95','Birnbaum','51° 13’ N','7° 29’ O');
Insert into HALTESTELLE (HALTESTELLEN_ID,NAME_DER_HALTESTELLE,X_KOORDINATE,Y_KOORDINATE) values ('96','Apfelbaum','51° 12’ N','7° 29’ O');
Insert into HALTESTELLE (HALTESTELLEN_ID,NAME_DER_HALTESTELLE,X_KOORDINATE,Y_KOORDINATE) values ('97','Rodt Abzw.','51° 13’ N','7° 29’ O');
Insert into HALTESTELLE (HALTESTELLEN_ID,NAME_DER_HALTESTELLE,X_KOORDINATE,Y_KOORDINATE) values ('98','Biobadstr.','51° 06’ N','7° 28’ O');
Insert into HALTESTELLE (HALTESTELLEN_ID,NAME_DER_HALTESTELLE,X_KOORDINATE,Y_KOORDINATE) values ('99','Wiesenstr.','51° 05’ N','7° 28’ O');
Insert into HALTESTELLE (HALTESTELLEN_ID,NAME_DER_HALTESTELLE,X_KOORDINATE,Y_KOORDINATE) values ('100','Breslauerstr.','51° 03’ N','7° 27’ O');
Insert into HALTESTELLE (HALTESTELLEN_ID,NAME_DER_HALTESTELLE,X_KOORDINATE,Y_KOORDINATE) values ('101','Remerscheid','51° 03’ N','7° 27’ O');
Insert into HALTESTELLE (HALTESTELLEN_ID,NAME_DER_HALTESTELLE,X_KOORDINATE,Y_KOORDINATE) values ('102','Saarstr.','51° 02’ N','7° 27’ O');
Insert into HALTESTELLE (HALTESTELLEN_ID,NAME_DER_HALTESTELLE,X_KOORDINATE,Y_KOORDINATE) values ('103','Am Stiegel','51° 01’ N','7° 27’ O');
Insert into HALTESTELLE (HALTESTELLEN_ID,NAME_DER_HALTESTELLE,X_KOORDINATE,Y_KOORDINATE) values ('104','Schnellenbach Dorfstr.','51° 00’ N','7° 27’ O');
Insert into HALTESTELLE (HALTESTELLEN_ID,NAME_DER_HALTESTELLE,X_KOORDINATE,Y_KOORDINATE) values ('105','Schnellenbach Abzw.','50° 59’ N','7° 27’ O');
Insert into HALTESTELLE (HALTESTELLEN_ID,NAME_DER_HALTESTELLE,X_KOORDINATE,Y_KOORDINATE) values ('106','Aggertalhöhle','50° 59’ N','7° 26’ O');
Insert into HALTESTELLE (HALTESTELLEN_ID,NAME_DER_HALTESTELLE,X_KOORDINATE,Y_KOORDINATE) values ('107','Seniorenheim','50° 59’ N','7° 27’ O');
Insert into HALTESTELLE (HALTESTELLEN_ID,NAME_DER_HALTESTELLE,X_KOORDINATE,Y_KOORDINATE) values ('108','Theater','51° 15’ N','7° 34’ O');
Insert into HALTESTELLE (HALTESTELLEN_ID,NAME_DER_HALTESTELLE,X_KOORDINATE,Y_KOORDINATE) values ('109','Am Hepel','51° 15’ N','7° 34’ O');
Insert into HALTESTELLE (HALTESTELLEN_ID,NAME_DER_HALTESTELLE,X_KOORDINATE,Y_KOORDINATE) values ('110','Würdener Hof','51° 28’ N','7° 34’ O');
Insert into HALTESTELLE (HALTESTELLEN_ID,NAME_DER_HALTESTELLE,X_KOORDINATE,Y_KOORDINATE) values ('111','IHK','51° 12’ N','7° 34’ O');
Insert into HALTESTELLE (HALTESTELLEN_ID,NAME_DER_HALTESTELLE,X_KOORDINATE,Y_KOORDINATE) values ('112','Mühlenseßmar','51° 12’ N','7° 34’ O');
Insert into HALTESTELLE (HALTESTELLEN_ID,NAME_DER_HALTESTELLE,X_KOORDINATE,Y_KOORDINATE) values ('113','Am Hammer','51° 15’ N','7° 35’ O');
Insert into HALTESTELLE (HALTESTELLEN_ID,NAME_DER_HALTESTELLE,X_KOORDINATE,Y_KOORDINATE) values ('114','Niedernhagener Str. ','51° 21’ N','7° 35’ O');
Insert into HALTESTELLE (HALTESTELLEN_ID,NAME_DER_HALTESTELLE,X_KOORDINATE,Y_KOORDINATE) values ('115','Am Fahrlöh','51° 22’ N','7° 35’ O');
Insert into HALTESTELLE (HALTESTELLEN_ID,NAME_DER_HALTESTELLE,X_KOORDINATE,Y_KOORDINATE) values ('116','Talbecke','51° 23’ N','7° 35’ O');
Insert into HALTESTELLE (HALTESTELLEN_ID,NAME_DER_HALTESTELLE,X_KOORDINATE,Y_KOORDINATE) values ('117','Sägeweg','51° 24’ N','7° 34’ O');
Insert into HALTESTELLE (HALTESTELLEN_ID,NAME_DER_HALTESTELLE,X_KOORDINATE,Y_KOORDINATE) values ('118','Am Sonnenberg','51° 22’ N','7° 35’ O');
Insert into HALTESTELLE (HALTESTELLEN_ID,NAME_DER_HALTESTELLE,X_KOORDINATE,Y_KOORDINATE) values ('119','Niedernhagen','51° 25’ N','7° 34’ O');
Insert into HALTESTELLE (HALTESTELLEN_ID,NAME_DER_HALTESTELLE,X_KOORDINATE,Y_KOORDINATE) values ('120','Sonnenbergstr.','51° 23’ N','7° 36’ O');
Insert into HALTESTELLE (HALTESTELLEN_ID,NAME_DER_HALTESTELLE,X_KOORDINATE,Y_KOORDINATE) values ('121','Alte Burgstr.','51° 23’ N','7° 36’ O');
Insert into HALTESTELLE (HALTESTELLEN_ID,NAME_DER_HALTESTELLE,X_KOORDINATE,Y_KOORDINATE) values ('122','Steinweg','51° 25’ N','7° 36’ O');
Insert into HALTESTELLE (HALTESTELLEN_ID,NAME_DER_HALTESTELLE,X_KOORDINATE,Y_KOORDINATE) values ('123','Unnenberg Abzw.','51° 39’ N','7° 37’ O');
Insert into HALTESTELLE (HALTESTELLEN_ID,NAME_DER_HALTESTELLE,X_KOORDINATE,Y_KOORDINATE) values ('124','Genkeltalsperre','51° 31’ N','7° 37’ O');
Insert into HALTESTELLE (HALTESTELLEN_ID,NAME_DER_HALTESTELLE,X_KOORDINATE,Y_KOORDINATE) values ('125','Bredenbruch','51° 31’ N','7° 38’ O');
Insert into HALTESTELLE (HALTESTELLEN_ID,NAME_DER_HALTESTELLE,X_KOORDINATE,Y_KOORDINATE) values ('126','Deitenbach','51° 32’ N','7° 38’ O');
Insert into HALTESTELLE (HALTESTELLEN_ID,NAME_DER_HALTESTELLE,X_KOORDINATE,Y_KOORDINATE) values ('127','Koverstein','51° 33’ N','7° 39’ O');
Insert into HALTESTELLE (HALTESTELLEN_ID,NAME_DER_HALTESTELLE,X_KOORDINATE,Y_KOORDINATE) values ('128','Lieberhausen','51° 34’ N','7° 39’ O');
Insert into HALTESTELLE (HALTESTELLEN_ID,NAME_DER_HALTESTELLE,X_KOORDINATE,Y_KOORDINATE) values ('129','Rosenthaler Höhe','51° 33’ N','7° 40’ O');
Insert into HALTESTELLE (HALTESTELLEN_ID,NAME_DER_HALTESTELLE,X_KOORDINATE,Y_KOORDINATE) values ('130','Piene','50° 82’ N','6° 30’ O');
Insert into HALTESTELLE (HALTESTELLEN_ID,NAME_DER_HALTESTELLE,X_KOORDINATE,Y_KOORDINATE) values ('131','Fa. Wundi','51° 23’ N','7° 41’ O');
Insert into HALTESTELLE (HALTESTELLEN_ID,NAME_DER_HALTESTELLE,X_KOORDINATE,Y_KOORDINATE) values ('132','Berliner Platz','51° 14’ N','7° 34’ O');
Insert into HALTESTELLE (HALTESTELLEN_ID,NAME_DER_HALTESTELLE,X_KOORDINATE,Y_KOORDINATE) values ('133','Realschule','51° 14’ N','7° 34’ O');
Insert into HALTESTELLE (HALTESTELLEN_ID,NAME_DER_HALTESTELLE,X_KOORDINATE,Y_KOORDINATE) values ('134','Birkenweg','51° 13’ N','7° 34’ O');
Insert into HALTESTELLE (HALTESTELLEN_ID,NAME_DER_HALTESTELLE,X_KOORDINATE,Y_KOORDINATE) values ('135','Kalversiefen Abzw.','51° 11’ N','7° 34’ O');
Insert into HALTESTELLE (HALTESTELLEN_ID,NAME_DER_HALTESTELLE,X_KOORDINATE,Y_KOORDINATE) values ('136','Strombach Weststr.','51° 12’ N','7° 31’ O');
Insert into HALTESTELLE (HALTESTELLEN_ID,NAME_DER_HALTESTELLE,X_KOORDINATE,Y_KOORDINATE) values ('137','Ründeroth Bf.','50° 59’ N','7° 27’ O');
Insert into HALTESTELLE (HALTESTELLEN_ID,NAME_DER_HALTESTELLE,X_KOORDINATE,Y_KOORDINATE) values ('138','Brink','51° 32’ N','7° 39’ O');
Insert into INSPEKTIONEN (INSPEK_ID,AM,FIRMA,FAHRZEUG_ID,BEMERKUNGEN) values ('1','01.11.09','Braks','1','problemlos');
Insert into INSPEKTIONEN (INSPEK_ID,AM,FIRMA,FAHRZEUG_ID,BEMERKUNGEN) values ('2','07.12.09','VeServ','3','erst mit 3 Tagen Verspätung fertig');
Insert into INSPEKTIONEN (INSPEK_ID,AM,FIRMA,FAHRZEUG_ID,BEMERKUNGEN) values ('3','08.10.09','BOCO','2','nur mit Herrn Meister zusammenarbeiten');
Insert into INSPEKTIONEN (INSPEK_ID,AM,FIRMA,FAHRZEUG_ID,BEMERKUNGEN) values ('4','27.12.09','Zielka','5','Reifenwechsel zu teuer');
Insert into INSPEKTIONEN (INSPEK_ID,AM,FIRMA,FAHRZEUG_ID,BEMERKUNGEN) values ('5','15.12.09','VeServ','7','2 Tage zu spät fertig');
Insert into INSPEKTIONEN (INSPEK_ID,AM,FIRMA,FAHRZEUG_ID,BEMERKUNGEN) values ('6','22.10.09','Milorab','4','guter Service');
Insert into LINIE (LINIEN_ID,BEZEICHNUNG) values ('1','RB25');
Insert into LINIE (LINIEN_ID,BEZEICHNUNG) values ('2','L301');
Insert into LINIE (LINIEN_ID,BEZEICHNUNG) values ('3','L316');
Insert into LINIE (LINIEN_ID,BEZEICHNUNG) values ('4','L317');
Insert into LINIE (LINIEN_ID,BEZEICHNUNG) values ('5','L318');
Insert into LINIE (LINIEN_ID,BEZEICHNUNG) values ('6','L319');
Insert into LINIE (LINIEN_ID,BEZEICHNUNG) values ('7','L320');
Insert into LINIE (LINIEN_ID,BEZEICHNUNG) values ('8','L321');
Insert into LINIE (LINIEN_ID,BEZEICHNUNG) values ('9','L363');
Insert into LINIE_BESCHRAENKUNGEN (LINIEN_ID,BESCHR_ID) values ('1','1');
Insert into LINIE_BESCHRAENKUNGEN (LINIEN_ID,BESCHR_ID) values ('1','2');
Insert into LINIE_BESCHRAENKUNGEN (LINIEN_ID,BESCHR_ID) values ('1','3');
Insert into LINIE_BESCHRAENKUNGEN (LINIEN_ID,BESCHR_ID) values ('3','2');
Insert into LINIE_BESCHRAENKUNGEN (LINIEN_ID,BESCHR_ID) values ('4','2');
Insert into LINIE_BESCHRAENKUNGEN (LINIEN_ID,BESCHR_ID) values ('6','1');
Insert into MITARBEITER (MITA_ID,VORNAME,NACHNAME,STRASSE,ORT,PLZ,LOHNST_KLASSE,KONFESSION) values ('1','Simon','Schmitt','Bonnerstr.','Köln','50868','1','ev');
Insert into MITARBEITER (MITA_ID,VORNAME,NACHNAME,STRASSE,ORT,PLZ,LOHNST_KLASSE,KONFESSION) values ('2','Stefan','Jung','Clevischerstr. ','Köln','50674','3','ev');
Insert into MITARBEITER (MITA_ID,VORNAME,NACHNAME,STRASSE,ORT,PLZ,LOHNST_KLASSE,KONFESSION) values ('3','Anton','Keller','Gottesweg','Bonn','50411','1','rk');
Insert into MITARBEITER (MITA_ID,VORNAME,NACHNAME,STRASSE,ORT,PLZ,LOHNST_KLASSE,KONFESSION) values ('4','Marcel','Krause','Triererstr. ','Aachen','52249','3','bud');
Insert into MITARBEITER (MITA_ID,VORNAME,NACHNAME,STRASSE,ORT,PLZ,LOHNST_KLASSE,KONFESSION) values ('5','Philipp','Eckhardt','Bergstr. ','Köln','50939','1','isl');
Insert into MITARBEITER (MITA_ID,VORNAME,NACHNAME,STRASSE,ORT,PLZ,LOHNST_KLASSE,KONFESSION) values ('6','Tobias','Bender','Thieboldsgasse','Gummersbach','51767','2','bud');
Insert into MITARBEITER (MITA_ID,VORNAME,NACHNAME,STRASSE,ORT,PLZ,LOHNST_KLASSE,KONFESSION) values ('7','Kevin','Hasse','Hauptstr. ','Gummersbach','51643','1','hin');
Insert into MITARBEITER (MITA_ID,VORNAME,NACHNAME,STRASSE,ORT,PLZ,LOHNST_KLASSE,KONFESSION) values ('8','Tim','Weidemann','Rolshoverstr. ','Düsseldorf','40210','3','kl');
Insert into MITARBEITER (MITA_ID,VORNAME,NACHNAME,STRASSE,ORT,PLZ,LOHNST_KLASSE,KONFESSION) values ('9','Georg','Geisen','Herforderstr. ','Kerpen','50169','3','rk');
Insert into MITARBEITER (MITA_ID,VORNAME,NACHNAME,STRASSE,ORT,PLZ,LOHNST_KLASSE,KONFESSION) values ('10','Alexander','Kurz','Bunzlauerstr. ','Köln','50785','1','ev');
Insert into MITARBEITER (MITA_ID,VORNAME,NACHNAME,STRASSE,ORT,PLZ,LOHNST_KLASSE,KONFESSION) values ('11','Thomas','Hafels','Amsterdamerstr. ','Köln','50735','2','bud');
Insert into MITARBEITER (MITA_ID,VORNAME,NACHNAME,STRASSE,ORT,PLZ,LOHNST_KLASSE,KONFESSION) values ('12','Rudolf','Fobker','Merkenshodstr. ','Gummersbach','51645','1','kl');
Insert into MITARBEITER (MITA_ID,VORNAME,NACHNAME,STRASSE,ORT,PLZ,LOHNST_KLASSE,KONFESSION) values ('13','Frank','Baldus','Buchforststr. ','Köln','51103','1','ort');
Insert into MITARBEITER (MITA_ID,VORNAME,NACHNAME,STRASSE,ORT,PLZ,LOHNST_KLASSE,KONFESSION) values ('14','Mathias','Busch','Ostmerheimerstr. ','Köln','51109','1','ev');
Insert into MITARBEITER (MITA_ID,VORNAME,NACHNAME,STRASSE,ORT,PLZ,LOHNST_KLASSE,KONFESSION) values ('15','Max','Schneidemann','Kölnerstr. ','Bonn','53111','3','hin');
Insert into MITARBEITER (MITA_ID,VORNAME,NACHNAME,STRASSE,ORT,PLZ,LOHNST_KLASSE,KONFESSION) values ('16','Guido','Kohl','Venloerstr. ','Köln','50877','1','isl');
Insert into MITARBEITER (MITA_ID,VORNAME,NACHNAME,STRASSE,ORT,PLZ,LOHNST_KLASSE,KONFESSION) values ('17','Thomas','Hasenfuß','Luxemburgerstr. ','Köln','50939','2','ev');
Insert into MITARBEITER (MITA_ID,VORNAME,NACHNAME,STRASSE,ORT,PLZ,LOHNST_KLASSE,KONFESSION) values ('18','Tim','Schwarz','Marienstr. ','Bonn','53114','3','ort');
Insert into NICHTBUSFAHRER (MITA_ID,GEHALT,TAETIGKEIT) values ('1','2500','Techniker');
Insert into NICHTBUSFAHRER (MITA_ID,GEHALT,TAETIGKEIT) values ('2','2500','Techniker');
Insert into NICHTBUSFAHRER (MITA_ID,GEHALT,TAETIGKEIT) values ('3','1000','Ticketverkäufer');
Insert into NICHTBUSFAHRER (MITA_ID,GEHALT,TAETIGKEIT) values ('4','1000','Ticketverkäufer');
Insert into NICHTBUSFAHRER (MITA_ID,GEHALT,TAETIGKEIT) values ('5','1200','Schaffner');
Insert into NICHTBUSFAHRER (MITA_ID,GEHALT,TAETIGKEIT) values ('6','1300','Schaffner');
Insert into NICHTBUSFAHRER (MITA_ID,GEHALT,TAETIGKEIT) values ('7','1400','Schaffner');
Insert into NICHTBUSFAHRER (MITA_ID,GEHALT,TAETIGKEIT) values ('8','1300','Schaffner');
Insert into NICHTBUSFAHRER (MITA_ID,GEHALT,TAETIGKEIT) values ('9','1200','Schaffner');
Insert into VERBINDUNG (KANTEN_ID,VON,BIS,FAHRZEIT,FAHRSTRECKE) values ('1','1','2','10','9,09');
Insert into VERBINDUNG (KANTEN_ID,VON,BIS,FAHRZEIT,FAHRSTRECKE) values ('2','2','3','6','6,68');
Insert into VERBINDUNG (KANTEN_ID,VON,BIS,FAHRZEIT,FAHRSTRECKE) values ('3','3','4','10','7,38');
Insert into VERBINDUNG (KANTEN_ID,VON,BIS,FAHRZEIT,FAHRSTRECKE) values ('4','4','5','7','4,77');
Insert into VERBINDUNG (KANTEN_ID,VON,BIS,FAHRZEIT,FAHRSTRECKE) values ('5','5','6','12','15,82');
Insert into VERBINDUNG (KANTEN_ID,VON,BIS,FAHRZEIT,FAHRSTRECKE) values ('6','6','7','5','6,06');
Insert into VERBINDUNG (KANTEN_ID,VON,BIS,FAHRZEIT,FAHRSTRECKE) values ('7','7','8','5','4,8');
Insert into VERBINDUNG (KANTEN_ID,VON,BIS,FAHRZEIT,FAHRSTRECKE) values ('8','8','9','6','3,2');
Insert into VERBINDUNG (KANTEN_ID,VON,BIS,FAHRZEIT,FAHRSTRECKE) values ('9','9','10','3','3,24');
Insert into VERBINDUNG (KANTEN_ID,VON,BIS,FAHRZEIT,FAHRSTRECKE) values ('10','10','11','6','13,35');
Insert into VERBINDUNG (KANTEN_ID,VON,BIS,FAHRZEIT,FAHRSTRECKE) values ('11','11','12','5','4,77');
Insert into VERBINDUNG (KANTEN_ID,VON,BIS,FAHRZEIT,FAHRSTRECKE) values ('12','12','13','4','3,31');
Insert into VERBINDUNG (KANTEN_ID,VON,BIS,FAHRZEIT,FAHRSTRECKE) values ('13','13','14','3','4,24');
Insert into VERBINDUNG (KANTEN_ID,VON,BIS,FAHRZEIT,FAHRSTRECKE) values ('14','14','15','2','2,22');
Insert into VERBINDUNG (KANTEN_ID,VON,BIS,FAHRZEIT,FAHRSTRECKE) values ('15','2','135','1','0,5');
Insert into VERBINDUNG (KANTEN_ID,VON,BIS,FAHRZEIT,FAHRSTRECKE) values ('16','135','16','1','0,5');
Insert into VERBINDUNG (KANTEN_ID,VON,BIS,FAHRZEIT,FAHRSTRECKE) values ('17','16','17','3','1,1');
Insert into VERBINDUNG (KANTEN_ID,VON,BIS,FAHRZEIT,FAHRSTRECKE) values ('18','17','18','2','0,5');
Insert into VERBINDUNG (KANTEN_ID,VON,BIS,FAHRZEIT,FAHRSTRECKE) values ('19','18','19','1','0,6');
Insert into VERBINDUNG (KANTEN_ID,VON,BIS,FAHRZEIT,FAHRSTRECKE) values ('20','19','20','1','0,7');
Insert into VERBINDUNG (KANTEN_ID,VON,BIS,FAHRZEIT,FAHRSTRECKE) values ('21','20','21','2','1,1');
Insert into VERBINDUNG (KANTEN_ID,VON,BIS,FAHRZEIT,FAHRSTRECKE) values ('22','21','22','2','0,8');
Insert into VERBINDUNG (KANTEN_ID,VON,BIS,FAHRZEIT,FAHRSTRECKE) values ('23','22','23','1','0,3');
Insert into VERBINDUNG (KANTEN_ID,VON,BIS,FAHRZEIT,FAHRSTRECKE) values ('24','23','24','2','1,3');
Insert into VERBINDUNG (KANTEN_ID,VON,BIS,FAHRZEIT,FAHRSTRECKE) values ('25','24','25','1','0,3');
Insert into VERBINDUNG (KANTEN_ID,VON,BIS,FAHRZEIT,FAHRSTRECKE) values ('26','25','26','1','0,6');
Insert into VERBINDUNG (KANTEN_ID,VON,BIS,FAHRZEIT,FAHRSTRECKE) values ('28','26','27','1','0,4');
Insert into VERBINDUNG (KANTEN_ID,VON,BIS,FAHRZEIT,FAHRSTRECKE) values ('29','27','28','1','0,4');
Insert into VERBINDUNG (KANTEN_ID,VON,BIS,FAHRZEIT,FAHRSTRECKE) values ('30','28','29','1','0,5');
Insert into VERBINDUNG (KANTEN_ID,VON,BIS,FAHRZEIT,FAHRSTRECKE) values ('31','29','30','1','0,5');
Insert into VERBINDUNG (KANTEN_ID,VON,BIS,FAHRZEIT,FAHRSTRECKE) values ('32','30','31','2','1,2');
Insert into VERBINDUNG (KANTEN_ID,VON,BIS,FAHRZEIT,FAHRSTRECKE) values ('33','31','32','1','0,4');
Insert into VERBINDUNG (KANTEN_ID,VON,BIS,FAHRZEIT,FAHRSTRECKE) values ('34','32','33','1','0,8');
Insert into VERBINDUNG (KANTEN_ID,VON,BIS,FAHRZEIT,FAHRSTRECKE) values ('35','33','34','2','0,8');
Insert into VERBINDUNG (KANTEN_ID,VON,BIS,FAHRZEIT,FAHRSTRECKE) values ('36','34','35','1','0,4');
Insert into VERBINDUNG (KANTEN_ID,VON,BIS,FAHRZEIT,FAHRSTRECKE) values ('37','35','36','5','3,1');
Insert into VERBINDUNG (KANTEN_ID,VON,BIS,FAHRZEIT,FAHRSTRECKE) values ('38','36','37','2','0,9');
Insert into VERBINDUNG (KANTEN_ID,VON,BIS,FAHRZEIT,FAHRSTRECKE) values ('39','37','38','2','1,8');
Insert into VERBINDUNG (KANTEN_ID,VON,BIS,FAHRZEIT,FAHRSTRECKE) values ('40','38','39','2','0,6');
Insert into VERBINDUNG (KANTEN_ID,VON,BIS,FAHRZEIT,FAHRSTRECKE) values ('41','39','40','3','2,1');
Insert into VERBINDUNG (KANTEN_ID,VON,BIS,FAHRZEIT,FAHRSTRECKE) values ('42','40','41','2','1,5');
Insert into VERBINDUNG (KANTEN_ID,VON,BIS,FAHRZEIT,FAHRSTRECKE) values ('43','41','42','3','1,5');
Insert into VERBINDUNG (KANTEN_ID,VON,BIS,FAHRZEIT,FAHRSTRECKE) values ('44','42','43','4','3,6');
Insert into VERBINDUNG (KANTEN_ID,VON,BIS,FAHRZEIT,FAHRSTRECKE) values ('45','2','44','2','0,7');
Insert into VERBINDUNG (KANTEN_ID,VON,BIS,FAHRZEIT,FAHRSTRECKE) values ('46','44','45','2','0,4');
Insert into VERBINDUNG (KANTEN_ID,VON,BIS,FAHRZEIT,FAHRSTRECKE) values ('47','45','46','1','0,5');
Insert into VERBINDUNG (KANTEN_ID,VON,BIS,FAHRZEIT,FAHRSTRECKE) values ('48','46','47','1','0,5');
Insert into VERBINDUNG (KANTEN_ID,VON,BIS,FAHRZEIT,FAHRSTRECKE) values ('49','47','48','1','0,9');
Insert into VERBINDUNG (KANTEN_ID,VON,BIS,FAHRZEIT,FAHRSTRECKE) values ('50','48','49','1','0,6');
Insert into VERBINDUNG (KANTEN_ID,VON,BIS,FAHRZEIT,FAHRSTRECKE) values ('51','49','50','1','0,3');
Insert into VERBINDUNG (KANTEN_ID,VON,BIS,FAHRZEIT,FAHRSTRECKE) values ('52','50','51','1','1');
Insert into VERBINDUNG (KANTEN_ID,VON,BIS,FAHRZEIT,FAHRSTRECKE) values ('53','51','52','2','1,4');
Insert into VERBINDUNG (KANTEN_ID,VON,BIS,FAHRZEIT,FAHRSTRECKE) values ('54','52','53','1','0,3');
Insert into VERBINDUNG (KANTEN_ID,VON,BIS,FAHRZEIT,FAHRSTRECKE) values ('55','53','54','1','0,2');
Insert into VERBINDUNG (KANTEN_ID,VON,BIS,FAHRZEIT,FAHRSTRECKE) values ('56','54','55','1','0,3');
Insert into VERBINDUNG (KANTEN_ID,VON,BIS,FAHRZEIT,FAHRSTRECKE) values ('57','55','56','2','1,1');
Insert into VERBINDUNG (KANTEN_ID,VON,BIS,FAHRZEIT,FAHRSTRECKE) values ('58','56','57','2','0,7');
Insert into VERBINDUNG (KANTEN_ID,VON,BIS,FAHRZEIT,FAHRSTRECKE) values ('59','57','58','1','0,6');
Insert into VERBINDUNG (KANTEN_ID,VON,BIS,FAHRZEIT,FAHRSTRECKE) values ('60','58','59','1','0,6');
Insert into VERBINDUNG (KANTEN_ID,VON,BIS,FAHRZEIT,FAHRSTRECKE) values ('61','60','61','1','0,5');
Insert into VERBINDUNG (KANTEN_ID,VON,BIS,FAHRZEIT,FAHRSTRECKE) values ('62','61','62','1','1,2');
Insert into VERBINDUNG (KANTEN_ID,VON,BIS,FAHRZEIT,FAHRSTRECKE) values ('63','62','63','1','0,6');
Insert into VERBINDUNG (KANTEN_ID,VON,BIS,FAHRZEIT,FAHRSTRECKE) values ('64','63','64','2','1');
Insert into VERBINDUNG (KANTEN_ID,VON,BIS,FAHRZEIT,FAHRSTRECKE) values ('65','64','65','1','0,7');
Insert into VERBINDUNG (KANTEN_ID,VON,BIS,FAHRZEIT,FAHRSTRECKE) values ('66','65','66','1','0,6');
Insert into VERBINDUNG (KANTEN_ID,VON,BIS,FAHRZEIT,FAHRSTRECKE) values ('67','66','67','2','0,8');
Insert into VERBINDUNG (KANTEN_ID,VON,BIS,FAHRZEIT,FAHRSTRECKE) values ('68','67','68','1','0,2');
Insert into VERBINDUNG (KANTEN_ID,VON,BIS,FAHRZEIT,FAHRSTRECKE) values ('69','68','69','2','1,1');
Insert into VERBINDUNG (KANTEN_ID,VON,BIS,FAHRZEIT,FAHRSTRECKE) values ('70','69','70','1','0,3');
Insert into VERBINDUNG (KANTEN_ID,VON,BIS,FAHRZEIT,FAHRSTRECKE) values ('71','70','71','1','0,4');
Insert into VERBINDUNG (KANTEN_ID,VON,BIS,FAHRZEIT,FAHRSTRECKE) values ('72','71','72','3','1,6');
Insert into VERBINDUNG (KANTEN_ID,VON,BIS,FAHRZEIT,FAHRSTRECKE) values ('73','72','73','2','0,7');
Insert into VERBINDUNG (KANTEN_ID,VON,BIS,FAHRZEIT,FAHRSTRECKE) values ('74','73','74','1','0,5');
Insert into VERBINDUNG (KANTEN_ID,VON,BIS,FAHRZEIT,FAHRSTRECKE) values ('75','74','73','1','0,5');
Insert into VERBINDUNG (KANTEN_ID,VON,BIS,FAHRZEIT,FAHRSTRECKE) values ('76','73','72','1','0,5');
Insert into VERBINDUNG (KANTEN_ID,VON,BIS,FAHRZEIT,FAHRSTRECKE) values ('77','72','75','4','0,7');
Insert into VERBINDUNG (KANTEN_ID,VON,BIS,FAHRZEIT,FAHRSTRECKE) values ('78','75','76','1','1,8');
Insert into VERBINDUNG (KANTEN_ID,VON,BIS,FAHRZEIT,FAHRSTRECKE) values ('79','76','77','1','0,9');
Insert into VERBINDUNG (KANTEN_ID,VON,BIS,FAHRZEIT,FAHRSTRECKE) values ('80','77','78','1','0,5');
Insert into VERBINDUNG (KANTEN_ID,VON,BIS,FAHRZEIT,FAHRSTRECKE) values ('81','78','79','1','0,7');
Insert into VERBINDUNG (KANTEN_ID,VON,BIS,FAHRZEIT,FAHRSTRECKE) values ('82','79','80','1','0,6');
Insert into VERBINDUNG (KANTEN_ID,VON,BIS,FAHRZEIT,FAHRSTRECKE) values ('83','80','81','1','0,8');
Insert into VERBINDUNG (KANTEN_ID,VON,BIS,FAHRZEIT,FAHRSTRECKE) values ('84','81','82','4','2,8');
Insert into VERBINDUNG (KANTEN_ID,VON,BIS,FAHRZEIT,FAHRSTRECKE) values ('85','82','83','1','0,4');
Insert into VERBINDUNG (KANTEN_ID,VON,BIS,FAHRZEIT,FAHRSTRECKE) values ('86','83','84','2','0,7');
Insert into VERBINDUNG (KANTEN_ID,VON,BIS,FAHRZEIT,FAHRSTRECKE) values ('87','84','85','2','1');
Insert into VERBINDUNG (KANTEN_ID,VON,BIS,FAHRZEIT,FAHRSTRECKE) values ('88','85','86','2','1,9');
Insert into VERBINDUNG (KANTEN_ID,VON,BIS,FAHRZEIT,FAHRSTRECKE) values ('89','86','87','1','0,6');
Insert into VERBINDUNG (KANTEN_ID,VON,BIS,FAHRZEIT,FAHRSTRECKE) values ('90','2','44','2','0,5');
Insert into VERBINDUNG (KANTEN_ID,VON,BIS,FAHRZEIT,FAHRSTRECKE) values ('91','44','45','2','0,8');
Insert into VERBINDUNG (KANTEN_ID,VON,BIS,FAHRZEIT,FAHRSTRECKE) values ('92','45','88','1','0,7');
Insert into VERBINDUNG (KANTEN_ID,VON,BIS,FAHRZEIT,FAHRSTRECKE) values ('93','88','89','1','0,5');
Insert into VERBINDUNG (KANTEN_ID,VON,BIS,FAHRZEIT,FAHRSTRECKE) values ('94','89','90','1','0,4');
Insert into VERBINDUNG (KANTEN_ID,VON,BIS,FAHRZEIT,FAHRSTRECKE) values ('95','90','91','1','0,9');
Insert into VERBINDUNG (KANTEN_ID,VON,BIS,FAHRZEIT,FAHRSTRECKE) values ('96','91','92','1','0,5');
Insert into VERBINDUNG (KANTEN_ID,VON,BIS,FAHRZEIT,FAHRSTRECKE) values ('97','92','93','1','0,8');
Insert into VERBINDUNG (KANTEN_ID,VON,BIS,FAHRZEIT,FAHRSTRECKE) values ('98','93','94','1','0,4');
Insert into VERBINDUNG (KANTEN_ID,VON,BIS,FAHRZEIT,FAHRSTRECKE) values ('99','94','50','2','0,4');
Insert into VERBINDUNG (KANTEN_ID,VON,BIS,FAHRZEIT,FAHRSTRECKE) values ('100','50','49','2','0,7');
Insert into VERBINDUNG (KANTEN_ID,VON,BIS,FAHRZEIT,FAHRSTRECKE) values ('101','49','60','1','0,5');
Insert into VERBINDUNG (KANTEN_ID,VON,BIS,FAHRZEIT,FAHRSTRECKE) values ('102','60','61','1','1,2');
Insert into VERBINDUNG (KANTEN_ID,VON,BIS,FAHRZEIT,FAHRSTRECKE) values ('103','61','62','1','0,6');
Insert into VERBINDUNG (KANTEN_ID,VON,BIS,FAHRZEIT,FAHRSTRECKE) values ('104','62','63','1','0,3');
Insert into VERBINDUNG (KANTEN_ID,VON,BIS,FAHRZEIT,FAHRSTRECKE) values ('105','63','95','1','0,7');
Insert into VERBINDUNG (KANTEN_ID,VON,BIS,FAHRZEIT,FAHRSTRECKE) values ('106','95','96','1','0,5');
Insert into VERBINDUNG (KANTEN_ID,VON,BIS,FAHRZEIT,FAHRSTRECKE) values ('107','96','97','2','0,5');
Insert into VERBINDUNG (KANTEN_ID,VON,BIS,FAHRZEIT,FAHRSTRECKE) values ('108','97','98','1','0,4');
Insert into VERBINDUNG (KANTEN_ID,VON,BIS,FAHRZEIT,FAHRSTRECKE) values ('109','98','99','2','0,8');
Insert into VERBINDUNG (KANTEN_ID,VON,BIS,FAHRZEIT,FAHRSTRECKE) values ('110','99','100','1','0,5');
Insert into VERBINDUNG (KANTEN_ID,VON,BIS,FAHRZEIT,FAHRSTRECKE) values ('111','100','101','2','0,6');
Insert into VERBINDUNG (KANTEN_ID,VON,BIS,FAHRZEIT,FAHRSTRECKE) values ('112','101','102','1','0,4');
Insert into VERBINDUNG (KANTEN_ID,VON,BIS,FAHRZEIT,FAHRSTRECKE) values ('113','102','103','1','1');
Insert into VERBINDUNG (KANTEN_ID,VON,BIS,FAHRZEIT,FAHRSTRECKE) values ('114','103','104','2','0,6');
Insert into VERBINDUNG (KANTEN_ID,VON,BIS,FAHRZEIT,FAHRSTRECKE) values ('115','104','105','1','0,5');
Insert into VERBINDUNG (KANTEN_ID,VON,BIS,FAHRZEIT,FAHRSTRECKE) values ('116','105','106','3','1,2');
Insert into VERBINDUNG (KANTEN_ID,VON,BIS,FAHRZEIT,FAHRSTRECKE) values ('117','106','107','2','0,9');
Insert into VERBINDUNG (KANTEN_ID,VON,BIS,FAHRZEIT,FAHRSTRECKE) values ('118','2','44','2','0,5');
Insert into VERBINDUNG (KANTEN_ID,VON,BIS,FAHRZEIT,FAHRSTRECKE) values ('119','44','108','1','0,6');
Insert into VERBINDUNG (KANTEN_ID,VON,BIS,FAHRZEIT,FAHRSTRECKE) values ('120','108','109','2','0,4');
Insert into VERBINDUNG (KANTEN_ID,VON,BIS,FAHRZEIT,FAHRSTRECKE) values ('121','109','110','1','0,4');
Insert into VERBINDUNG (KANTEN_ID,VON,BIS,FAHRZEIT,FAHRSTRECKE) values ('122','2','111','2','0,6');
Insert into VERBINDUNG (KANTEN_ID,VON,BIS,FAHRZEIT,FAHRSTRECKE) values ('123','111','112','1','0,4');
Insert into VERBINDUNG (KANTEN_ID,VON,BIS,FAHRZEIT,FAHRSTRECKE) values ('124','112','113','2','1,2');
Insert into VERBINDUNG (KANTEN_ID,VON,BIS,FAHRZEIT,FAHRSTRECKE) values ('125','113','114','1','0,7');
Insert into VERBINDUNG (KANTEN_ID,VON,BIS,FAHRZEIT,FAHRSTRECKE) values ('126','114','115','1','0,2');
Insert into VERBINDUNG (KANTEN_ID,VON,BIS,FAHRZEIT,FAHRSTRECKE) values ('127','114','118','1','0,4');
Insert into VERBINDUNG (KANTEN_ID,VON,BIS,FAHRZEIT,FAHRSTRECKE) values ('128','115','116','1','0,5');
Insert into VERBINDUNG (KANTEN_ID,VON,BIS,FAHRZEIT,FAHRSTRECKE) values ('129','116','117','1','0,8');
Insert into VERBINDUNG (KANTEN_ID,VON,BIS,FAHRZEIT,FAHRSTRECKE) values ('130','117','119','1','0,4');
Insert into VERBINDUNG (KANTEN_ID,VON,BIS,FAHRZEIT,FAHRSTRECKE) values ('131','119','117','1','0,4');
Insert into VERBINDUNG (KANTEN_ID,VON,BIS,FAHRZEIT,FAHRSTRECKE) values ('132','117','116','2','0,8');
Insert into VERBINDUNG (KANTEN_ID,VON,BIS,FAHRZEIT,FAHRSTRECKE) values ('133','116','115','1','0,5');
Insert into VERBINDUNG (KANTEN_ID,VON,BIS,FAHRZEIT,FAHRSTRECKE) values ('134','115','118','1','0,5');
Insert into VERBINDUNG (KANTEN_ID,VON,BIS,FAHRZEIT,FAHRSTRECKE) values ('135','118','120','1','0,9');
Insert into VERBINDUNG (KANTEN_ID,VON,BIS,FAHRZEIT,FAHRSTRECKE) values ('136','120','121','1','0,5');
Insert into VERBINDUNG (KANTEN_ID,VON,BIS,FAHRZEIT,FAHRSTRECKE) values ('137','121','122','1','0,7');
Insert into VERBINDUNG (KANTEN_ID,VON,BIS,FAHRZEIT,FAHRSTRECKE) values ('138','122','123','1','0,7');
Insert into VERBINDUNG (KANTEN_ID,VON,BIS,FAHRZEIT,FAHRSTRECKE) values ('139','123','124','1','0,6');
Insert into VERBINDUNG (KANTEN_ID,VON,BIS,FAHRZEIT,FAHRSTRECKE) values ('140','124','125','1','0,4');
Insert into VERBINDUNG (KANTEN_ID,VON,BIS,FAHRZEIT,FAHRSTRECKE) values ('141','125','126','2','1,1');
Insert into VERBINDUNG (KANTEN_ID,VON,BIS,FAHRZEIT,FAHRSTRECKE) values ('142','126','127','1','0,7');
Insert into VERBINDUNG (KANTEN_ID,VON,BIS,FAHRZEIT,FAHRSTRECKE) values ('143','127','128','4','1,2');
Insert into VERBINDUNG (KANTEN_ID,VON,BIS,FAHRZEIT,FAHRSTRECKE) values ('144','128','129','2','0,2');
Insert into VERBINDUNG (KANTEN_ID,VON,BIS,FAHRZEIT,FAHRSTRECKE) values ('145','129','42','1','0,4');
Insert into VERBINDUNG (KANTEN_ID,VON,BIS,FAHRZEIT,FAHRSTRECKE) values ('146','42','35','6','11,7');
Insert into VERBINDUNG (KANTEN_ID,VON,BIS,FAHRZEIT,FAHRSTRECKE) values ('147','42','130','7','4,2');
Insert into VERBINDUNG (KANTEN_ID,VON,BIS,FAHRZEIT,FAHRSTRECKE) values ('148','42','131','5','3,3');
Insert into VERBINDUNG (KANTEN_ID,VON,BIS,FAHRZEIT,FAHRSTRECKE) values ('149','131','34','1','0,6');
Insert into VERBINDUNG (KANTEN_ID,VON,BIS,FAHRZEIT,FAHRSTRECKE) values ('150','2','44','2','0,5');
Insert into VERBINDUNG (KANTEN_ID,VON,BIS,FAHRZEIT,FAHRSTRECKE) values ('151','44','108','2','0,6');
Insert into VERBINDUNG (KANTEN_ID,VON,BIS,FAHRZEIT,FAHRSTRECKE) values ('152','108','109','1','0,4');
Insert into VERBINDUNG (KANTEN_ID,VON,BIS,FAHRZEIT,FAHRSTRECKE) values ('153','109','132','1','0,3');
Insert into VERBINDUNG (KANTEN_ID,VON,BIS,FAHRZEIT,FAHRSTRECKE) values ('154','132','133','1','0,3');
Insert into VERBINDUNG (KANTEN_ID,VON,BIS,FAHRZEIT,FAHRSTRECKE) values ('155','133','134','1','0,2');
Insert into VERBINDUNG (KANTEN_ID,VON,BIS,FAHRZEIT,FAHRSTRECKE) values ('156','134','112','1','0,3');
Insert into VERBINDUNG (KANTEN_ID,VON,BIS,FAHRZEIT,FAHRSTRECKE) values ('157','112','111','1','0,2');
Insert into VERBINDUNG (KANTEN_ID,VON,BIS,FAHRZEIT,FAHRSTRECKE) values ('158','111','2','2','0,5');