--------------------------------------------------------
--  DDL for Table ABTEILUNGEN
--------------------------------------------------------

  CREATE TABLE "ABTEILUNGEN" 
   (	"ABT_NR" NUMBER(38,0), 
	"LEITER" NUMBER(38,0), 
	"NAME" VARCHAR2(50), 
	"ORT" VARCHAR2(50), 
	"EMAIL" VARCHAR2(50)
   ) ;
--------------------------------------------------------
--  DDL for Table ANGESTELLTE
--------------------------------------------------------

  CREATE TABLE "ANGESTELLTE" 
	(  "ANG_NR" NUMBER(38,0), 
	"ABT_NR" NUMBER(38,0), 
	"AUFGABENBESCHREIBUNG" VARCHAR2(50), 
	"BERUF" VARCHAR2(50), 
	"NACHNAME" VARCHAR2(50), 
	"VORNAME" VARCHAR2(50), 
	"GESCHLECHT" CHAR(1), 
	"EINTRITTSDATUM" DATE, 
	"GEHALT" NUMBER(9,2) DEFAULT 0, 
	"ABZUEGE" NUMBER(9,2) DEFAULT 0, 
	"ORT" VARCHAR2(50), 
	"STRASSE" VARCHAR2(50), 
	"ZEITSTEMPEL" DATE
   ) ;
--------------------------------------------------------
--  DDL for Table ARTIKEL
--------------------------------------------------------

  CREATE TABLE "ARTIKEL" 
   (	"TNR" NUMBER(38,0), 
	"BEZEICHNUNG" VARCHAR2(50), 
	"ARTIKEL_TYP" VARCHAR2(50), 
	"VERKAUFSPREIS" NUMBER, 
	"JAHRESUMSATZ" NUMBER, 
	"ZEITSTEMPEL" DATE
   ) ;
--------------------------------------------------------
--  DDL for Table AUFTRAEGE
--------------------------------------------------------

  CREATE TABLE "AUFTRAEGE" 
   (	"AUFTRAGSNR" NUMBER(38,0), 
	"AUFTRAGS_TYP" VARCHAR2(50), 
	"KUN_NR" NUMBER(38,0), 
	"ANG_NR" NUMBER(38,0), 
	"BEREITS_GEZAHLT" NUMBER, 
	"BESTELLDATUM" DATE, 
	"LIEFERDATUM" DATE, 
	"RECHNUNGSDATUM" DATE, 
	"ZEITSTEMPEL" DATE
   ) ;
--------------------------------------------------------
--  DDL for Table AUFTRAGSPOSITIONEN
--------------------------------------------------------

  CREATE TABLE "AUFTRAGSPOSITIONEN" 
   (	"TNR" NUMBER(38,0), 
	"AUFTRAGSNR" NUMBER(38,0), 
	"MENGE" NUMBER
   ) ;
--------------------------------------------------------
--  DDL for Table GEH_KLASSEN
--------------------------------------------------------

  CREATE TABLE "GEH_KLASSEN" 
   (	"GEH_KLASSE" NUMBER(38,0), 
	"MAX_GEHALT" NUMBER, 
	"MIN_GEHALT" NUMBER
   ) ;
--------------------------------------------------------
--  DDL for Table KUNDEN
--------------------------------------------------------

  CREATE TABLE "KUNDEN" 
   (	"KUN_NR" NUMBER(38,0), 
	"NACHNAME" VARCHAR2(50), 
	"VORNAME" VARCHAR2(50), 
	"GESCHLECHT" VARCHAR2(1), 
	"ORT" VARCHAR2(50), 
	"STRASSE" VARCHAR2(50), 
	"TELEFONNR" VARCHAR2(50), 
	"ZEITSTEMPEL" DATE
   ) ;
--------------------------------------------------------
--  DDL for Table LAGER
--------------------------------------------------------

  CREATE TABLE "LAGER" 
   (	"LANR" NUMBER(38,0), 
	"BEZEICHNUNG" VARCHAR2(50), 
	"ORT" VARCHAR2(50), 
	"STRASSE" VARCHAR2(50)
   ) ;
--------------------------------------------------------
--  DDL for Table LAGERBESTAND
--------------------------------------------------------

  CREATE TABLE "LAGERBESTAND" 
   (	"LANR" NUMBER(38,0), 
	"TNR" NUMBER(38,0), 
	"BESTAND" NUMBER, 
	"ZEITSTEMPEL" DATE
   ) ;
--------------------------------------------------------
--  DDL for Table LIEFERANTEN
--------------------------------------------------------

  CREATE TABLE "LIEFERANTEN" 
   (	"LIEF_NR" NUMBER(38,0), 
	"NAME" VARCHAR2(50), 
	"ORT" VARCHAR2(50), 
	"STRASSE" VARCHAR2(50), 
	"TELEFONNR" VARCHAR2(50), 
	"ZEITSTEMPEL" DATE
   ) ;
--------------------------------------------------------
--  DDL for Table LIEFERPROGRAMME
--------------------------------------------------------

  CREATE TABLE "LIEFERPROGRAMME" 
   (	"LIEF_NR" NUMBER(38,0), 
	"TNR" NUMBER(38,0), 
	"BESTELLNR" VARCHAR2(20), 
	"EINKAUFSPREIS" NUMBER, 
	"GESAMTMENGE" NUMBER, 
	"ZEITSTEMPEL" DATE
   ) ;
--------------------------------------------------------
--  DDL for Table LIEFERUNGEN
--------------------------------------------------------

  CREATE TABLE "LIEFERUNGEN" 
   (	"LIEFER_NR" NUMBER(38,0), 
	"LIEF_NR" NUMBER(38,0), 
	"TNR" NUMBER(38,0), 
	"LIEF_DATUM" DATE, 
	"MENGE" NUMBER DEFAULT 1, 
	"ZEITSTEMPEL" DATE
   ) ;
--------------------------------------------------------
--  DDL for Table ORTE
--------------------------------------------------------

  CREATE TABLE "ORTE" 
   (	"ORT" VARCHAR2(50), 
	"STRASSE" VARCHAR2(50), 
	"PLZ" NUMBER(38,0)
   ) ;
--------------------------------------------------------
--  DDL for Table STRUKTUR
--------------------------------------------------------

  CREATE TABLE "STRUKTUR" 
   (	"OTEIL" NUMBER(38,0), 
	"UTEIL" NUMBER(38,0), 
	"POSITION" NUMBER(38,0), 
	"MENGE" NUMBER, 
	"AUSSCHUSS" NUMBER, 
	"ARBEITSGANG" NUMBER(38,0), 
	"ZEITSTEMPEL" DATE
   ) ;
--------------------------------------------------------
--  DDL for Table TEILE
--------------------------------------------------------

  CREATE TABLE "TEILE" 
   (	"TNR" NUMBER(38,0), 
	"ME" VARCHAR2(10), 
	"BEZEICHNUNG" VARCHAR2(50), 
	"TYP" VARCHAR2(50), 
	"HERSTELLKOSTEN" NUMBER, 
	"EINKAUFSPREIS" NUMBER, 
	"MINDESTBESTAND" NUMBER, 
	"BESTAND" NUMBER, 
	"LIEFERZEIT" NUMBER, 
	"HERSTELLDAUER" NUMBER, 
	"GEWICHT" NUMBER, 
	"RESERVIERT" NUMBER, 
	"VERFUEGBAR" NUMBER, 
	"ZEITSTEMPEL" DATE
   ) ;
--------------------------------------------------------
--  DDL for Table TEILE_WERKE
--------------------------------------------------------

  CREATE TABLE "TEILE_WERKE" 
   (	"TNR" NUMBER(38,0), 
	"WNR" NUMBER(38,0)
   ) ;
--------------------------------------------------------
--  DDL for Table WERKE
--------------------------------------------------------

  CREATE TABLE "WERKE" 
   (	"WNR" NUMBER(38,0), 
	"BEZEICHNUNG" VARCHAR2(50), 
	"ORT" VARCHAR2(50), 
	"STRASSE" VARCHAR2(50)
   ) ;

Insert into ABTEILUNGEN (ABT_NR,LEITER,NAME,ORT,EMAIL) values ('1','1','Geschaftsfuhrung','Koln','1.Geschaftsfuhrung');
Insert into ABTEILUNGEN (ABT_NR,LEITER,NAME,ORT,EMAIL) values ('2','2','Produktion','Lindlar','2.Produktion');
Insert into ABTEILUNGEN (ABT_NR,LEITER,NAME,ORT,EMAIL) values ('3','3','Vertrieb','Dortmund','3.Vertrieb');
Insert into ABTEILUNGEN (ABT_NR,LEITER,NAME,ORT,EMAIL) values ('4','4','Einkauf','Lindlar','4.Einkauf');
Insert into ABTEILUNGEN (ABT_NR,LEITER,NAME,ORT,EMAIL) values ('5','5','Arbeitsvorbereitung','Lindlar','5.Arbeitsvorbereitung');
Insert into ABTEILUNGEN (ABT_NR,LEITER,NAME,ORT,EMAIL) values ('6','6','Datenverarbeitung','Koln','6.Datenverarbeitung');

Insert into ANGESTELLTE (ANG_NR,ABT_NR,AUFGABENBESCHREIBUNG,BERUF,NACHNAME,VORNAME,GESCHLECHT,EINTRITTSDATUM,GEHALT,ABZUEGE,ORT,STRASSE,ZEITSTEMPEL) values ('1','1','Manchmal sind die Frauen Chef','Betriebswirt','Muller','Josefine','w','01.02.91','10000','3400','Koln','Memelerstr.','29.08.03');
Insert into ANGESTELLTE (ANG_NR,ABT_NR,AUFGABENBESCHREIBUNG,BERUF,NACHNAME,VORNAME,GESCHLECHT,EINTRITTSDATUM,GEHALT,ABZUEGE,ORT,STRASSE,ZEITSTEMPEL) values ('2','2','Fehlt noch','Mathematiker','Fama','Hans','m','07.05.91','9000','2300','Gummersbach','Inselweg','29.08.03');
Insert into ANGESTELLTE (ANG_NR,ABT_NR,AUFGABENBESCHREIBUNG,BERUF,NACHNAME,VORNAME,GESCHLECHT,EINTRITTSDATUM,GEHALT,ABZUEGE,ORT,STRASSE,ZEITSTEMPEL) values ('3','3','Fehlt noch','Betriebswirt','Heck','Iris','w','06.07.88','7500','3000','Gummersbach','Kaiserstr','29.08.03');
Insert into ANGESTELLTE (ANG_NR,ABT_NR,AUFGABENBESCHREIBUNG,BERUF,NACHNAME,VORNAME,GESCHLECHT,EINTRITTSDATUM,GEHALT,ABZUEGE,ORT,STRASSE,ZEITSTEMPEL) values ('4','4','Fehlt noch','Kaufmann','Schmidt','Otto','m','01.07.95','6500','2000','Leverkusen','Netzestr.','29.08.03');
Insert into ANGESTELLTE (ANG_NR,ABT_NR,AUFGABENBESCHREIBUNG,BERUF,NACHNAME,VORNAME,GESCHLECHT,EINTRITTSDATUM,GEHALT,ABZUEGE,ORT,STRASSE,ZEITSTEMPEL) values ('5','5','Fehlt noch','Informatiker','Weber','Anna','w','01.06.95','6600','2000','Leverkusen','Quarzstr.','29.08.03');
Insert into ANGESTELLTE (ANG_NR,ABT_NR,AUFGABENBESCHREIBUNG,BERUF,NACHNAME,VORNAME,GESCHLECHT,EINTRITTSDATUM,GEHALT,ABZUEGE,ORT,STRASSE,ZEITSTEMPEL) values ('6','6','Fehlt noch','Informatiker','Frisch','Paul','m','01.06.99','5000','2000','Bergisch Gladbach','Grubenfeld','29.08.03');
Insert into ANGESTELLTE (ANG_NR,ABT_NR,AUFGABENBESCHREIBUNG,BERUF,NACHNAME,VORNAME,GESCHLECHT,EINTRITTSDATUM,GEHALT,ABZUEGE,ORT,STRASSE,ZEITSTEMPEL) values ('7','6','Fehlt noch','Informatiker','Frisch','Paula','w','01.03.93','5000','2100','Bergisch Gladbach','Grubenfeld','29.08.03');
Insert into ANGESTELLTE (ANG_NR,ABT_NR,AUFGABENBESCHREIBUNG,BERUF,NACHNAME,VORNAME,GESCHLECHT,EINTRITTSDATUM,GEHALT,ABZUEGE,ORT,STRASSE,ZEITSTEMPEL) values ('26','2','Fehlt noch','Elektriker','Schneider','Ernst','m','01.06.95','4000','2000','Bergisch Gladbach','Falkenstr.','29.08.03');
Insert into ANGESTELLTE (ANG_NR,ABT_NR,AUFGABENBESCHREIBUNG,BERUF,NACHNAME,VORNAME,GESCHLECHT,EINTRITTSDATUM,GEHALT,ABZUEGE,ORT,STRASSE,ZEITSTEMPEL) values ('8','2','Fehlt noch','Elektriker','Weber','Anna','w','01.06.95','3700','1500','Bergisch Gladbach','Burgstr.','29.08.03');
Insert into ANGESTELLTE (ANG_NR,ABT_NR,AUFGABENBESCHREIBUNG,BERUF,NACHNAME,VORNAME,GESCHLECHT,EINTRITTSDATUM,GEHALT,ABZUEGE,ORT,STRASSE,ZEITSTEMPEL) values ('9','2','Fehlt noch','Elektriker','Falser','Jonas','m','01.06.95','3600','1500','Bergisch Gladbach','Burgstr.','29.08.03');
Insert into ANGESTELLTE (ANG_NR,ABT_NR,AUFGABENBESCHREIBUNG,BERUF,NACHNAME,VORNAME,GESCHLECHT,EINTRITTSDATUM,GEHALT,ABZUEGE,ORT,STRASSE,ZEITSTEMPEL) values ('10','2','Fehlt noch','Schreibkraft','Wanne','Erna','w','01.06.95','500','10','Bergisch Gladbach','Erntestr.','29.08.03');
Insert into ANGESTELLTE (ANG_NR,ABT_NR,AUFGABENBESCHREIBUNG,BERUF,NACHNAME,VORNAME,GESCHLECHT,EINTRITTSDATUM,GEHALT,ABZUEGE,ORT,STRASSE,ZEITSTEMPEL) values ('11','2','Fehlt noch','Elektriker','Brunn','Ilse','w','01.01.95','3600','1500','Bergisch Gladbach','Fichtenweg','29.08.03');
Insert into ANGESTELLTE (ANG_NR,ABT_NR,AUFGABENBESCHREIBUNG,BERUF,NACHNAME,VORNAME,GESCHLECHT,EINTRITTSDATUM,GEHALT,ABZUEGE,ORT,STRASSE,ZEITSTEMPEL) values ('12','3','Fehlt noch','Ingenieur','Brater','Willi','m','01.01.97','4600','1500','Dortmund','Bedastr.','29.08.03');
Insert into ANGESTELLTE (ANG_NR,ABT_NR,AUFGABENBESCHREIBUNG,BERUF,NACHNAME,VORNAME,GESCHLECHT,EINTRITTSDATUM,GEHALT,ABZUEGE,ORT,STRASSE,ZEITSTEMPEL) values ('13','3','Fehlt noch','Ingenieur','Bar','Susanne','w','01.01.97','4800','1500','Dortmund','Prellerstr.','29.08.03');
Insert into ANGESTELLTE (ANG_NR,ABT_NR,AUFGABENBESCHREIBUNG,BERUF,NACHNAME,VORNAME,GESCHLECHT,EINTRITTSDATUM,GEHALT,ABZUEGE,ORT,STRASSE,ZEITSTEMPEL) values ('27','3','Fehlt noch','Sekretar','Budar','Hermann','m','01.01.93','2800','1500','Dortmund','Planckstr.','29.08.03');
Insert into ANGESTELLTE (ANG_NR,ABT_NR,AUFGABENBESCHREIBUNG,BERUF,NACHNAME,VORNAME,GESCHLECHT,EINTRITTSDATUM,GEHALT,ABZUEGE,ORT,STRASSE,ZEITSTEMPEL) values ('14','3','Fehlt noch','Schreibkraft','Bille','Max','m','01.01.93','610','30','Dortmund','Plutostr.','29.08.03');
Insert into ANGESTELLTE (ANG_NR,ABT_NR,AUFGABENBESCHREIBUNG,BERUF,NACHNAME,VORNAME,GESCHLECHT,EINTRITTSDATUM,GEHALT,ABZUEGE,ORT,STRASSE,ZEITSTEMPEL) values ('15','4','Fehlt noch','Kaufmann','Wahn','Thorsten','m','01.01.94','3610','1030','Gladbeck','Weserstr.','29.08.03');
Insert into ANGESTELLTE (ANG_NR,ABT_NR,AUFGABENBESCHREIBUNG,BERUF,NACHNAME,VORNAME,GESCHLECHT,EINTRITTSDATUM,GEHALT,ABZUEGE,ORT,STRASSE,ZEITSTEMPEL) values ('16','4','Fehlt noch','Kaufmann','Wuton','Petra','w','01.01.94','4610','1230','Gladbeck','Triebstr.','29.08.03');
Insert into ANGESTELLTE (ANG_NR,ABT_NR,AUFGABENBESCHREIBUNG,BERUF,NACHNAME,VORNAME,GESCHLECHT,EINTRITTSDATUM,GEHALT,ABZUEGE,ORT,STRASSE,ZEITSTEMPEL) values ('17','5','Fehlt noch','Oraganisator','Glatt','Lucas','m','01.01.94','5200','2230','Gladbeck','Alfredstr.','29.08.03');
Insert into ANGESTELLTE (ANG_NR,ABT_NR,AUFGABENBESCHREIBUNG,BERUF,NACHNAME,VORNAME,GESCHLECHT,EINTRITTSDATUM,GEHALT,ABZUEGE,ORT,STRASSE,ZEITSTEMPEL) values ('18','5','Fehlt noch','Oraganisator','Gotte','Barbara','w','01.01.94','5500','3230','Gladbeck','Saarlandstr.','29.08.03');
Insert into ANGESTELLTE (ANG_NR,ABT_NR,AUFGABENBESCHREIBUNG,BERUF,NACHNAME,VORNAME,GESCHLECHT,EINTRITTSDATUM,GEHALT,ABZUEGE,ORT,STRASSE,ZEITSTEMPEL) values ('19','5','Fehlt noch','Oraganisator','Kall','Holger','m','01.01.94','4500','3230','Gladbeck','Talstr.','29.08.03');
Insert into ANGESTELLTE (ANG_NR,ABT_NR,AUFGABENBESCHREIBUNG,BERUF,NACHNAME,VORNAME,GESCHLECHT,EINTRITTSDATUM,GEHALT,ABZUEGE,ORT,STRASSE,ZEITSTEMPEL) values ('20','6','Fehlt noch','Informatiker','Kase','Franz','m','01.01.97','4500','3230','Gladbeck','Talstr.','29.08.03');
Insert into ANGESTELLTE (ANG_NR,ABT_NR,AUFGABENBESCHREIBUNG,BERUF,NACHNAME,VORNAME,GESCHLECHT,EINTRITTSDATUM,GEHALT,ABZUEGE,ORT,STRASSE,ZEITSTEMPEL) values ('21','6','Fehlt noch','Informatiker','Kussmann','Anna','w','01.01.97','4500','3230','Gladbeck','Unterhof','29.08.03');
Insert into ANGESTELLTE (ANG_NR,ABT_NR,AUFGABENBESCHREIBUNG,BERUF,NACHNAME,VORNAME,GESCHLECHT,EINTRITTSDATUM,GEHALT,ABZUEGE,ORT,STRASSE,ZEITSTEMPEL) values ('22','6','Fehlt noch','Informatiker','Bold','Leo','m','01.01.97','3500','3230','Gladbeck','Thomastr.','29.08.03');
Insert into ANGESTELLTE (ANG_NR,ABT_NR,AUFGABENBESCHREIBUNG,BERUF,NACHNAME,VORNAME,GESCHLECHT,EINTRITTSDATUM,GEHALT,ABZUEGE,ORT,STRASSE,ZEITSTEMPEL) values ('23','6','Fehlt noch','Programmierer','Butz','Max','m','01.01.98','3500','3230','Gladbeck','Unterhof','29.08.03');
Insert into ANGESTELLTE (ANG_NR,ABT_NR,AUFGABENBESCHREIBUNG,BERUF,NACHNAME,VORNAME,GESCHLECHT,EINTRITTSDATUM,GEHALT,ABZUEGE,ORT,STRASSE,ZEITSTEMPEL) values ('25','2','Fehlt noch','Montieur','Barthels','Isabel','w','01.01.95','3500','3230','Gladbeck','Schildberg','29.08.03');
Insert into ANGESTELLTE (ANG_NR,ABT_NR,AUFGABENBESCHREIBUNG,BERUF,NACHNAME,VORNAME,GESCHLECHT,EINTRITTSDATUM,GEHALT,ABZUEGE,ORT,STRASSE,ZEITSTEMPEL) values ('24','2','Fehlt noch','Montieur','Schmidt','Hugo','m','01.01.98','3500','3230','Gladbeck','Roonstr.','29.08.03');

Insert into ARTIKEL (TNR,BEZEICHNUNG,ARTIKEL_TYP,VERKAUFSPREIS,JAHRESUMSATZ,ZEITSTEMPEL) values ('1','Rocky Mountain Element Race Typ 1','Mountainbike','3500','200','29.08.03');
Insert into ARTIKEL (TNR,BEZEICHNUNG,ARTIKEL_TYP,VERKAUFSPREIS,JAHRESUMSATZ,ZEITSTEMPEL) values ('31','Herrenrad GT-LTS 18','Rennrad','3500','400','29.08.03');
Insert into ARTIKEL (TNR,BEZEICHNUNG,ARTIKEL_TYP,VERKAUFSPREIS,JAHRESUMSATZ,ZEITSTEMPEL) values ('54','Klapprad Prompton P3','Klapprad','1600','180','29.08.03');
Insert into ARTIKEL (TNR,BEZEICHNUNG,ARTIKEL_TYP,VERKAUFSPREIS,JAHRESUMSATZ,ZEITSTEMPEL) values ('55','CANNONDALE FSL','Mountainbike','3700','80','29.08.03');
Insert into ARTIKEL (TNR,BEZEICHNUNG,ARTIKEL_TYP,VERKAUFSPREIS,JAHRESUMSATZ,ZEITSTEMPEL) values ('56','HERCULES NEPA','Trekkingrad','1700','80','29.08.03');
Insert into ARTIKEL (TNR,BEZEICHNUNG,ARTIKEL_TYP,VERKAUFSPREIS,JAHRESUMSATZ,ZEITSTEMPEL) values ('57','Steppenwolf TAO','Mountainbike','1900','80','29.08.03');
Insert into ARTIKEL (TNR,BEZEICHNUNG,ARTIKEL_TYP,VERKAUFSPREIS,JAHRESUMSATZ,ZEITSTEMPEL) values ('58','SWITCHBACK AGENT','Jugendrad','899','80','29.08.03');
Insert into ARTIKEL (TNR,BEZEICHNUNG,ARTIKEL_TYP,VERKAUFSPREIS,JAHRESUMSATZ,ZEITSTEMPEL) values ('59','STEVENS R.P.R.2 RX100 8FACH','Rennmaschine','1800','80','29.08.03');
Insert into ARTIKEL (TNR,BEZEICHNUNG,ARTIKEL_TYP,VERKAUFSPREIS,JAHRESUMSATZ,ZEITSTEMPEL) values ('60','Scott ATACAMA TOUR','Crossrad','2399','80','29.08.03');
Insert into ARTIKEL (TNR,BEZEICHNUNG,ARTIKEL_TYP,VERKAUFSPREIS,JAHRESUMSATZ,ZEITSTEMPEL) values ('61','ROTWILD RCC-03','Mountainbike','3499','80','29.08.03');

Insert into AUFTRAEGE (AUFTRAGSNR,AUFTRAGS_TYP,KUN_NR,ANG_NR,BEREITS_GEZAHLT,BESTELLDATUM,LIEFERDATUM,RECHNUNGSDATUM,ZEITSTEMPEL) values ('1','Auftrag','1','3','0','29.08.03','28.09.03','28.10.03','29.08.03');
Insert into AUFTRAEGE (AUFTRAGSNR,AUFTRAGS_TYP,KUN_NR,ANG_NR,BEREITS_GEZAHLT,BESTELLDATUM,LIEFERDATUM,RECHNUNGSDATUM,ZEITSTEMPEL) values ('2','Auftrag','2','12','0','29.08.03','18.09.03','08.10.03','29.08.03');
Insert into AUFTRAEGE (AUFTRAGSNR,AUFTRAGS_TYP,KUN_NR,ANG_NR,BEREITS_GEZAHLT,BESTELLDATUM,LIEFERDATUM,RECHNUNGSDATUM,ZEITSTEMPEL) values ('3','Angebot','5','12','0','29.08.03','18.09.03','08.10.03','29.08.03');
Insert into AUFTRAEGE (AUFTRAGSNR,AUFTRAGS_TYP,KUN_NR,ANG_NR,BEREITS_GEZAHLT,BESTELLDATUM,LIEFERDATUM,RECHNUNGSDATUM,ZEITSTEMPEL) values ('4','Auftrag','2','13','0','29.08.03','18.09.03','08.10.03','29.08.03');
Insert into AUFTRAEGE (AUFTRAGSNR,AUFTRAGS_TYP,KUN_NR,ANG_NR,BEREITS_GEZAHLT,BESTELLDATUM,LIEFERDATUM,RECHNUNGSDATUM,ZEITSTEMPEL) values ('5','Angebot','3','27','0','29.08.03','18.09.03','08.10.03','29.08.03');
Insert into AUFTRAEGE (AUFTRAGSNR,AUFTRAGS_TYP,KUN_NR,ANG_NR,BEREITS_GEZAHLT,BESTELLDATUM,LIEFERDATUM,RECHNUNGSDATUM,ZEITSTEMPEL) values ('6','Auftrag','2','3','0','29.08.03','18.09.03','08.10.03','29.08.03');

Insert into AUFTRAGSPOSITIONEN (TNR,AUFTRAGSNR,MENGE) values ('1','1','1');
Insert into AUFTRAGSPOSITIONEN (TNR,AUFTRAGSNR,MENGE) values ('31','1','2');
Insert into AUFTRAGSPOSITIONEN (TNR,AUFTRAGSNR,MENGE) values ('31','2','2');
Insert into AUFTRAGSPOSITIONEN (TNR,AUFTRAGSNR,MENGE) values ('60','2','1');
Insert into AUFTRAGSPOSITIONEN (TNR,AUFTRAGSNR,MENGE) values ('57','2','1');
Insert into AUFTRAGSPOSITIONEN (TNR,AUFTRAGSNR,MENGE) values ('31','3','10');
Insert into AUFTRAGSPOSITIONEN (TNR,AUFTRAGSNR,MENGE) values ('55','3','1');
Insert into AUFTRAGSPOSITIONEN (TNR,AUFTRAGSNR,MENGE) values ('58','4','1');
Insert into AUFTRAGSPOSITIONEN (TNR,AUFTRAGSNR,MENGE) values ('58','5','18');
Insert into AUFTRAGSPOSITIONEN (TNR,AUFTRAGSNR,MENGE) values ('56','5','1');
Insert into AUFTRAGSPOSITIONEN (TNR,AUFTRAGSNR,MENGE) values ('57','5','12');
Insert into AUFTRAGSPOSITIONEN (TNR,AUFTRAGSNR,MENGE) values ('1','6','120');
Insert into AUFTRAGSPOSITIONEN (TNR,AUFTRAGSNR,MENGE) values ('31','6','130');

Insert into GEH_KLASSEN (GEH_KLASSE,MAX_GEHALT,MIN_GEHALT) values ('1','100000','8000');
Insert into GEH_KLASSEN (GEH_KLASSE,MAX_GEHALT,MIN_GEHALT) values ('2','7999','6000');
Insert into GEH_KLASSEN (GEH_KLASSE,MAX_GEHALT,MIN_GEHALT) values ('3','5999','4000');
Insert into GEH_KLASSEN (GEH_KLASSE,MAX_GEHALT,MIN_GEHALT) values ('4','3999','2000');
Insert into GEH_KLASSEN (GEH_KLASSE,MAX_GEHALT,MIN_GEHALT) values ('5','1999','620');
Insert into GEH_KLASSEN (GEH_KLASSE,MAX_GEHALT,MIN_GEHALT) values ('6','620','0');

Insert into KUNDEN (KUN_NR,NACHNAME,VORNAME,GESCHLECHT,ORT,STRASSE,TELEFONNR,ZEITSTEMPEL) values ('1','Tholler','Andreas','m','Koln','Belaweg','0221/956788','29.08.03');
Insert into KUNDEN (KUN_NR,NACHNAME,VORNAME,GESCHLECHT,ORT,STRASSE,TELEFONNR,ZEITSTEMPEL) values ('2','Falk','Bernhardt','m','Koln','Auf dem Hugel','0221/2345690','29.08.03');
Insert into KUNDEN (KUN_NR,NACHNAME,VORNAME,GESCHLECHT,ORT,STRASSE,TELEFONNR,ZEITSTEMPEL) values ('3','Muller','Tobias','m','Koln','Bennstr','0221/5566123','29.08.03');
Insert into KUNDEN (KUN_NR,NACHNAME,VORNAME,GESCHLECHT,ORT,STRASSE,TELEFONNR,ZEITSTEMPEL) values ('4','Franz','Helga','w','Koln','Bahnhofstr.','0221/5566901','29.08.03');
Insert into KUNDEN (KUN_NR,NACHNAME,VORNAME,GESCHLECHT,ORT,STRASSE,TELEFONNR,ZEITSTEMPEL) values ('5','Sundbald','Hannelore','w','Gummersbach','Luisenstr','02261/4588','29.08.03');
Insert into KUNDEN (KUN_NR,NACHNAME,VORNAME,GESCHLECHT,ORT,STRASSE,TELEFONNR,ZEITSTEMPEL) values ('6','Wal','Birgit','w','Gummersbach','Loh','02261/4471','29.08.03');
Insert into KUNDEN (KUN_NR,NACHNAME,VORNAME,GESCHLECHT,ORT,STRASSE,TELEFONNR,ZEITSTEMPEL) values ('7','Tisch','Hartmut','m','Gladbeck','Agathastr.','02271/75613','29.08.03');

Insert into LAGER (LANR,BEZEICHNUNG,ORT,STRASSE) values ('1','Hauptlager','Koln','Eibenweg');
Insert into LAGER (LANR,BEZEICHNUNG,ORT,STRASSE) values ('2','Nebenlager','Gummersbach','Am Sandberg');
Insert into LAGER (LANR,BEZEICHNUNG,ORT,STRASSE) values ('3','Verladelager','Dortmund','Hansastr.');

Insert into LAGERBESTAND (LANR,TNR,BESTAND,ZEITSTEMPEL) values ('1','1','2000','29.08.03');
Insert into LAGERBESTAND (LANR,TNR,BESTAND,ZEITSTEMPEL) values ('1','31','2000','29.08.03');
Insert into LAGERBESTAND (LANR,TNR,BESTAND,ZEITSTEMPEL) values ('1','57','1000','29.08.03');
Insert into LAGERBESTAND (LANR,TNR,BESTAND,ZEITSTEMPEL) values ('1','58','899','29.08.03');
Insert into LAGERBESTAND (LANR,TNR,BESTAND,ZEITSTEMPEL) values ('2','55','2000','29.08.03');
Insert into LAGERBESTAND (LANR,TNR,BESTAND,ZEITSTEMPEL) values ('2','56','2000','29.08.03');
Insert into LAGERBESTAND (LANR,TNR,BESTAND,ZEITSTEMPEL) values ('2','57','1000','29.08.03');
Insert into LAGERBESTAND (LANR,TNR,BESTAND,ZEITSTEMPEL) values ('2','58','899','29.08.03');
Insert into LAGERBESTAND (LANR,TNR,BESTAND,ZEITSTEMPEL) values ('3','1','2000','29.08.03');
Insert into LAGERBESTAND (LANR,TNR,BESTAND,ZEITSTEMPEL) values ('3','31','2000','29.08.03');
Insert into LAGERBESTAND (LANR,TNR,BESTAND,ZEITSTEMPEL) values ('3','54','1000','29.08.03');
Insert into LAGERBESTAND (LANR,TNR,BESTAND,ZEITSTEMPEL) values ('3','60','899','29.08.03');
Insert into LAGERBESTAND (LANR,TNR,BESTAND,ZEITSTEMPEL) values ('3','61','1000','29.08.03');
Insert into LAGERBESTAND (LANR,TNR,BESTAND,ZEITSTEMPEL) values ('3','58','899','29.08.03');
Insert into LAGERBESTAND (LANR,TNR,BESTAND,ZEITSTEMPEL) values ('2','1','4000','29.08.03');

Insert into LIEFERANTEN (LIEF_NR,NAME,ORT,STRASSE,TELEFONNR,ZEITSTEMPEL) values ('1','West-Ost-Handel','Koln','Eibenweg','0221/985688','29.08.03');
Insert into LIEFERANTEN (LIEF_NR,NAME,ORT,STRASSE,TELEFONNR,ZEITSTEMPEL) values ('2','IMPORT-Wendel','Dortmund','Kolner Str.','0221/76499','29.08.03');
Insert into LIEFERANTEN (LIEF_NR,NAME,ORT,STRASSE,TELEFONNR,ZEITSTEMPEL) values ('3','Quarks','Gummersbach','Muhle','02261/6711','29.08.03');
Insert into LIEFERANTEN (LIEF_NR,NAME,ORT,STRASSE,TELEFONNR,ZEITSTEMPEL) values ('4','Wahle','Remscheid','Lenneperstr.',null,'29.08.03');

Insert into LIEFERPROGRAMME (LIEF_NR,TNR,BESTELLNR,EINKAUFSPREIS,GESAMTMENGE,ZEITSTEMPEL) values ('2','3','7','2','5','30.08.03');
Insert into LIEFERPROGRAMME (LIEF_NR,TNR,BESTELLNR,EINKAUFSPREIS,GESAMTMENGE,ZEITSTEMPEL) values ('2','4','9','5','6','30.08.03');
Insert into LIEFERPROGRAMME (LIEF_NR,TNR,BESTELLNR,EINKAUFSPREIS,GESAMTMENGE,ZEITSTEMPEL) values ('2','5','11','1230','7','30.08.03');
Insert into LIEFERPROGRAMME (LIEF_NR,TNR,BESTELLNR,EINKAUFSPREIS,GESAMTMENGE,ZEITSTEMPEL) values ('2','24','49','18','26','30.08.03');
Insert into LIEFERPROGRAMME (LIEF_NR,TNR,BESTELLNR,EINKAUFSPREIS,GESAMTMENGE,ZEITSTEMPEL) values ('2','7','15','18','9','30.08.03');
Insert into LIEFERPROGRAMME (LIEF_NR,TNR,BESTELLNR,EINKAUFSPREIS,GESAMTMENGE,ZEITSTEMPEL) values ('2','8','17','150','10','30.08.03');
Insert into LIEFERPROGRAMME (LIEF_NR,TNR,BESTELLNR,EINKAUFSPREIS,GESAMTMENGE,ZEITSTEMPEL) values ('2','9','19','5','11','30.08.03');
Insert into LIEFERPROGRAMME (LIEF_NR,TNR,BESTELLNR,EINKAUFSPREIS,GESAMTMENGE,ZEITSTEMPEL) values ('2','10','21','79','12','30.08.03');
Insert into LIEFERPROGRAMME (LIEF_NR,TNR,BESTELLNR,EINKAUFSPREIS,GESAMTMENGE,ZEITSTEMPEL) values ('2','12','25','0,5','14','30.08.03');
Insert into LIEFERPROGRAMME (LIEF_NR,TNR,BESTELLNR,EINKAUFSPREIS,GESAMTMENGE,ZEITSTEMPEL) values ('2','13','27','0,6','15','30.08.03');
Insert into LIEFERPROGRAMME (LIEF_NR,TNR,BESTELLNR,EINKAUFSPREIS,GESAMTMENGE,ZEITSTEMPEL) values ('2','14','29','0,5','16','30.08.03');
Insert into LIEFERPROGRAMME (LIEF_NR,TNR,BESTELLNR,EINKAUFSPREIS,GESAMTMENGE,ZEITSTEMPEL) values ('2','15','31','22','17','30.08.03');
Insert into LIEFERPROGRAMME (LIEF_NR,TNR,BESTELLNR,EINKAUFSPREIS,GESAMTMENGE,ZEITSTEMPEL) values ('2','16','33','28','18','30.08.03');
Insert into LIEFERPROGRAMME (LIEF_NR,TNR,BESTELLNR,EINKAUFSPREIS,GESAMTMENGE,ZEITSTEMPEL) values ('2','17','35','28','19','30.08.03');
Insert into LIEFERPROGRAMME (LIEF_NR,TNR,BESTELLNR,EINKAUFSPREIS,GESAMTMENGE,ZEITSTEMPEL) values ('2','18','37','109','20','30.08.03');
Insert into LIEFERPROGRAMME (LIEF_NR,TNR,BESTELLNR,EINKAUFSPREIS,GESAMTMENGE,ZEITSTEMPEL) values ('2','19','39','10','21','30.08.03');
Insert into LIEFERPROGRAMME (LIEF_NR,TNR,BESTELLNR,EINKAUFSPREIS,GESAMTMENGE,ZEITSTEMPEL) values ('2','20','41','11','22','30.08.03');
Insert into LIEFERPROGRAMME (LIEF_NR,TNR,BESTELLNR,EINKAUFSPREIS,GESAMTMENGE,ZEITSTEMPEL) values ('2','21','43','110','23','30.08.03');
Insert into LIEFERPROGRAMME (LIEF_NR,TNR,BESTELLNR,EINKAUFSPREIS,GESAMTMENGE,ZEITSTEMPEL) values ('2','22','45','60','24','30.08.03');
Insert into LIEFERPROGRAMME (LIEF_NR,TNR,BESTELLNR,EINKAUFSPREIS,GESAMTMENGE,ZEITSTEMPEL) values ('2','28','57','29','30','30.08.03');
Insert into LIEFERPROGRAMME (LIEF_NR,TNR,BESTELLNR,EINKAUFSPREIS,GESAMTMENGE,ZEITSTEMPEL) values ('2','23','47','28','25','30.08.03');
Insert into LIEFERPROGRAMME (LIEF_NR,TNR,BESTELLNR,EINKAUFSPREIS,GESAMTMENGE,ZEITSTEMPEL) values ('2','25','51','149','27','30.08.03');
Insert into LIEFERPROGRAMME (LIEF_NR,TNR,BESTELLNR,EINKAUFSPREIS,GESAMTMENGE,ZEITSTEMPEL) values ('2','26','53','299','28','30.08.03');
Insert into LIEFERPROGRAMME (LIEF_NR,TNR,BESTELLNR,EINKAUFSPREIS,GESAMTMENGE,ZEITSTEMPEL) values ('2','27','55','69','29','30.08.03');
Insert into LIEFERPROGRAMME (LIEF_NR,TNR,BESTELLNR,EINKAUFSPREIS,GESAMTMENGE,ZEITSTEMPEL) values ('2','29','59','1590','31','30.08.03');
Insert into LIEFERPROGRAMME (LIEF_NR,TNR,BESTELLNR,EINKAUFSPREIS,GESAMTMENGE,ZEITSTEMPEL) values ('2','30','61','2590','32','30.08.03');
Insert into LIEFERPROGRAMME (LIEF_NR,TNR,BESTELLNR,EINKAUFSPREIS,GESAMTMENGE,ZEITSTEMPEL) values ('2','33','67','2','35','30.08.03');
Insert into LIEFERPROGRAMME (LIEF_NR,TNR,BESTELLNR,EINKAUFSPREIS,GESAMTMENGE,ZEITSTEMPEL) values ('2','34','69','8','36','30.08.03');
Insert into LIEFERPROGRAMME (LIEF_NR,TNR,BESTELLNR,EINKAUFSPREIS,GESAMTMENGE,ZEITSTEMPEL) values ('2','35','71','30','37','30.08.03');
Insert into LIEFERPROGRAMME (LIEF_NR,TNR,BESTELLNR,EINKAUFSPREIS,GESAMTMENGE,ZEITSTEMPEL) values ('2','36','73','18','38','30.08.03');
Insert into LIEFERPROGRAMME (LIEF_NR,TNR,BESTELLNR,EINKAUFSPREIS,GESAMTMENGE,ZEITSTEMPEL) values ('2','37','75','19','39','30.08.03');
Insert into LIEFERPROGRAMME (LIEF_NR,TNR,BESTELLNR,EINKAUFSPREIS,GESAMTMENGE,ZEITSTEMPEL) values ('2','38','77','252','40','30.08.03');
Insert into LIEFERPROGRAMME (LIEF_NR,TNR,BESTELLNR,EINKAUFSPREIS,GESAMTMENGE,ZEITSTEMPEL) values ('2','39','79','9','41','30.08.03');
Insert into LIEFERPROGRAMME (LIEF_NR,TNR,BESTELLNR,EINKAUFSPREIS,GESAMTMENGE,ZEITSTEMPEL) values ('2','40','81','9','42','30.08.03');
Insert into LIEFERPROGRAMME (LIEF_NR,TNR,BESTELLNR,EINKAUFSPREIS,GESAMTMENGE,ZEITSTEMPEL) values ('2','42','85','0,5','44','30.08.03');
Insert into LIEFERPROGRAMME (LIEF_NR,TNR,BESTELLNR,EINKAUFSPREIS,GESAMTMENGE,ZEITSTEMPEL) values ('2','43','87','0,6','45','30.08.03');
Insert into LIEFERPROGRAMME (LIEF_NR,TNR,BESTELLNR,EINKAUFSPREIS,GESAMTMENGE,ZEITSTEMPEL) values ('2','44','89','0,5','46','30.08.03');
Insert into LIEFERPROGRAMME (LIEF_NR,TNR,BESTELLNR,EINKAUFSPREIS,GESAMTMENGE,ZEITSTEMPEL) values ('2','45','91','22','47','30.08.03');
Insert into LIEFERPROGRAMME (LIEF_NR,TNR,BESTELLNR,EINKAUFSPREIS,GESAMTMENGE,ZEITSTEMPEL) values ('2','46','93','28','48','30.08.03');
Insert into LIEFERPROGRAMME (LIEF_NR,TNR,BESTELLNR,EINKAUFSPREIS,GESAMTMENGE,ZEITSTEMPEL) values ('2','47','95','70','49','30.08.03');
Insert into LIEFERPROGRAMME (LIEF_NR,TNR,BESTELLNR,EINKAUFSPREIS,GESAMTMENGE,ZEITSTEMPEL) values ('2','48','97','140','50','30.08.03');
Insert into LIEFERPROGRAMME (LIEF_NR,TNR,BESTELLNR,EINKAUFSPREIS,GESAMTMENGE,ZEITSTEMPEL) values ('2','49','99','10','51','30.08.03');
Insert into LIEFERPROGRAMME (LIEF_NR,TNR,BESTELLNR,EINKAUFSPREIS,GESAMTMENGE,ZEITSTEMPEL) values ('2','50','101','17','52','30.08.03');
Insert into LIEFERPROGRAMME (LIEF_NR,TNR,BESTELLNR,EINKAUFSPREIS,GESAMTMENGE,ZEITSTEMPEL) values ('2','51','103','150','53','30.08.03');
Insert into LIEFERPROGRAMME (LIEF_NR,TNR,BESTELLNR,EINKAUFSPREIS,GESAMTMENGE,ZEITSTEMPEL) values ('2','52','105','80','54','30.08.03');
Insert into LIEFERPROGRAMME (LIEF_NR,TNR,BESTELLNR,EINKAUFSPREIS,GESAMTMENGE,ZEITSTEMPEL) values ('2','53','107','30','55','30.08.03');
Insert into LIEFERPROGRAMME (LIEF_NR,TNR,BESTELLNR,EINKAUFSPREIS,GESAMTMENGE,ZEITSTEMPEL) values ('1','3','20','12','16','30.08.03');
Insert into LIEFERPROGRAMME (LIEF_NR,TNR,BESTELLNR,EINKAUFSPREIS,GESAMTMENGE,ZEITSTEMPEL) values ('1','4','21','15','15','30.08.03');
Insert into LIEFERPROGRAMME (LIEF_NR,TNR,BESTELLNR,EINKAUFSPREIS,GESAMTMENGE,ZEITSTEMPEL) values ('1','5','22','1240','14','30.08.03');
Insert into LIEFERPROGRAMME (LIEF_NR,TNR,BESTELLNR,EINKAUFSPREIS,GESAMTMENGE,ZEITSTEMPEL) values ('1','7','24','28','12','30.08.03');
Insert into LIEFERPROGRAMME (LIEF_NR,TNR,BESTELLNR,EINKAUFSPREIS,GESAMTMENGE,ZEITSTEMPEL) values ('1','8','25','160','11','30.08.03');
Insert into LIEFERPROGRAMME (LIEF_NR,TNR,BESTELLNR,EINKAUFSPREIS,GESAMTMENGE,ZEITSTEMPEL) values ('1','9','26','15','10','30.08.03');
Insert into LIEFERPROGRAMME (LIEF_NR,TNR,BESTELLNR,EINKAUFSPREIS,GESAMTMENGE,ZEITSTEMPEL) values ('1','10','27','89','9','30.08.03');
Insert into LIEFERPROGRAMME (LIEF_NR,TNR,BESTELLNR,EINKAUFSPREIS,GESAMTMENGE,ZEITSTEMPEL) values ('1','12','29','10,5','7','30.08.03');
Insert into LIEFERPROGRAMME (LIEF_NR,TNR,BESTELLNR,EINKAUFSPREIS,GESAMTMENGE,ZEITSTEMPEL) values ('1','13','30','10,6','6','30.08.03');
Insert into LIEFERPROGRAMME (LIEF_NR,TNR,BESTELLNR,EINKAUFSPREIS,GESAMTMENGE,ZEITSTEMPEL) values ('1','14','31','10,5','5','30.08.03');
Insert into LIEFERPROGRAMME (LIEF_NR,TNR,BESTELLNR,EINKAUFSPREIS,GESAMTMENGE,ZEITSTEMPEL) values ('1','15','32','32','4','30.08.03');
Insert into LIEFERPROGRAMME (LIEF_NR,TNR,BESTELLNR,EINKAUFSPREIS,GESAMTMENGE,ZEITSTEMPEL) values ('1','16','33','38','3','30.08.03');
Insert into LIEFERPROGRAMME (LIEF_NR,TNR,BESTELLNR,EINKAUFSPREIS,GESAMTMENGE,ZEITSTEMPEL) values ('1','17','34','38','2','30.08.03');
Insert into LIEFERPROGRAMME (LIEF_NR,TNR,BESTELLNR,EINKAUFSPREIS,GESAMTMENGE,ZEITSTEMPEL) values ('1','18','35','119','1','30.08.03');
Insert into LIEFERPROGRAMME (LIEF_NR,TNR,BESTELLNR,EINKAUFSPREIS,GESAMTMENGE,ZEITSTEMPEL) values ('1','19','36','20','0','30.08.03');
Insert into LIEFERPROGRAMME (LIEF_NR,TNR,BESTELLNR,EINKAUFSPREIS,GESAMTMENGE,ZEITSTEMPEL) values ('1','20','37','21','1','30.08.03');
Insert into LIEFERPROGRAMME (LIEF_NR,TNR,BESTELLNR,EINKAUFSPREIS,GESAMTMENGE,ZEITSTEMPEL) values ('1','21','38','120','2','30.08.03');
Insert into LIEFERPROGRAMME (LIEF_NR,TNR,BESTELLNR,EINKAUFSPREIS,GESAMTMENGE,ZEITSTEMPEL) values ('1','22','39','70','3','30.08.03');
Insert into LIEFERPROGRAMME (LIEF_NR,TNR,BESTELLNR,EINKAUFSPREIS,GESAMTMENGE,ZEITSTEMPEL) values ('1','23','40','38','4','30.08.03');
Insert into LIEFERPROGRAMME (LIEF_NR,TNR,BESTELLNR,EINKAUFSPREIS,GESAMTMENGE,ZEITSTEMPEL) values ('1','24','41','28','5','30.08.03');
Insert into LIEFERPROGRAMME (LIEF_NR,TNR,BESTELLNR,EINKAUFSPREIS,GESAMTMENGE,ZEITSTEMPEL) values ('3','33','297','2,2','59','31.08.03');
Insert into LIEFERPROGRAMME (LIEF_NR,TNR,BESTELLNR,EINKAUFSPREIS,GESAMTMENGE,ZEITSTEMPEL) values ('3','34','306','8,8','61','31.08.03');
Insert into LIEFERPROGRAMME (LIEF_NR,TNR,BESTELLNR,EINKAUFSPREIS,GESAMTMENGE,ZEITSTEMPEL) values ('3','35','315','33','63','31.08.03');
Insert into LIEFERPROGRAMME (LIEF_NR,TNR,BESTELLNR,EINKAUFSPREIS,GESAMTMENGE,ZEITSTEMPEL) values ('3','36','324','19,8','65','31.08.03');
Insert into LIEFERPROGRAMME (LIEF_NR,TNR,BESTELLNR,EINKAUFSPREIS,GESAMTMENGE,ZEITSTEMPEL) values ('3','37','333','20,9','67','31.08.03');
Insert into LIEFERPROGRAMME (LIEF_NR,TNR,BESTELLNR,EINKAUFSPREIS,GESAMTMENGE,ZEITSTEMPEL) values ('3','38','342','277,2','69','31.08.03');
Insert into LIEFERPROGRAMME (LIEF_NR,TNR,BESTELLNR,EINKAUFSPREIS,GESAMTMENGE,ZEITSTEMPEL) values ('3','39','351','9,9','71','31.08.03');
Insert into LIEFERPROGRAMME (LIEF_NR,TNR,BESTELLNR,EINKAUFSPREIS,GESAMTMENGE,ZEITSTEMPEL) values ('3','40','360','9,9','73','31.08.03');
Insert into LIEFERPROGRAMME (LIEF_NR,TNR,BESTELLNR,EINKAUFSPREIS,GESAMTMENGE,ZEITSTEMPEL) values ('3','42','378','0,55','77','31.08.03');
Insert into LIEFERPROGRAMME (LIEF_NR,TNR,BESTELLNR,EINKAUFSPREIS,GESAMTMENGE,ZEITSTEMPEL) values ('3','43','387','0,66','79','31.08.03');
Insert into LIEFERPROGRAMME (LIEF_NR,TNR,BESTELLNR,EINKAUFSPREIS,GESAMTMENGE,ZEITSTEMPEL) values ('3','44','396','0,55','81','31.08.03');
Insert into LIEFERPROGRAMME (LIEF_NR,TNR,BESTELLNR,EINKAUFSPREIS,GESAMTMENGE,ZEITSTEMPEL) values ('3','45','405','24,2','83','31.08.03');
Insert into LIEFERPROGRAMME (LIEF_NR,TNR,BESTELLNR,EINKAUFSPREIS,GESAMTMENGE,ZEITSTEMPEL) values ('3','46','414','30,8','85','31.08.03');
Insert into LIEFERPROGRAMME (LIEF_NR,TNR,BESTELLNR,EINKAUFSPREIS,GESAMTMENGE,ZEITSTEMPEL) values ('3','47','423','77','87','31.08.03');
Insert into LIEFERPROGRAMME (LIEF_NR,TNR,BESTELLNR,EINKAUFSPREIS,GESAMTMENGE,ZEITSTEMPEL) values ('3','48','432','154','89','31.08.03');
Insert into LIEFERPROGRAMME (LIEF_NR,TNR,BESTELLNR,EINKAUFSPREIS,GESAMTMENGE,ZEITSTEMPEL) values ('3','49','441','11','91','31.08.03');
Insert into LIEFERPROGRAMME (LIEF_NR,TNR,BESTELLNR,EINKAUFSPREIS,GESAMTMENGE,ZEITSTEMPEL) values ('3','50','450','18,7','93','31.08.03');
Insert into LIEFERPROGRAMME (LIEF_NR,TNR,BESTELLNR,EINKAUFSPREIS,GESAMTMENGE,ZEITSTEMPEL) values ('3','51','459','165','95','31.08.03');
Insert into LIEFERPROGRAMME (LIEF_NR,TNR,BESTELLNR,EINKAUFSPREIS,GESAMTMENGE,ZEITSTEMPEL) values ('3','52','468','88','97','31.08.03');
Insert into LIEFERPROGRAMME (LIEF_NR,TNR,BESTELLNR,EINKAUFSPREIS,GESAMTMENGE,ZEITSTEMPEL) values ('3','53','477','33','99','31.08.03');

Insert into LIEFERUNGEN (LIEFER_NR,LIEF_NR,TNR,LIEF_DATUM,MENGE,ZEITSTEMPEL) values ('1','1','12','22.10.03','1','10.09.03');
Insert into LIEFERUNGEN (LIEFER_NR,LIEF_NR,TNR,LIEF_DATUM,MENGE,ZEITSTEMPEL) values ('2','1','13','22.10.03','1','11.09.03');
Insert into LIEFERUNGEN (LIEFER_NR,LIEF_NR,TNR,LIEF_DATUM,MENGE,ZEITSTEMPEL) values ('3','1','14','22.10.03','1','12.09.03');
Insert into LIEFERUNGEN (LIEFER_NR,LIEF_NR,TNR,LIEF_DATUM,MENGE,ZEITSTEMPEL) values ('4','1','15','22.10.03','1','13.09.03');
Insert into LIEFERUNGEN (LIEFER_NR,LIEF_NR,TNR,LIEF_DATUM,MENGE,ZEITSTEMPEL) values ('5','1','16','22.10.03','1','14.09.03');
Insert into LIEFERUNGEN (LIEFER_NR,LIEF_NR,TNR,LIEF_DATUM,MENGE,ZEITSTEMPEL) values ('6','1','17','22.10.03','1','15.09.03');
Insert into LIEFERUNGEN (LIEFER_NR,LIEF_NR,TNR,LIEF_DATUM,MENGE,ZEITSTEMPEL) values ('7','1','18','22.10.03','1','16.09.03');
Insert into LIEFERUNGEN (LIEFER_NR,LIEF_NR,TNR,LIEF_DATUM,MENGE,ZEITSTEMPEL) values ('8','1','19','22.10.03','1','17.09.03');
Insert into LIEFERUNGEN (LIEFER_NR,LIEF_NR,TNR,LIEF_DATUM,MENGE,ZEITSTEMPEL) values ('9','1','20','22.10.03','1','18.09.03');
Insert into LIEFERUNGEN (LIEFER_NR,LIEF_NR,TNR,LIEF_DATUM,MENGE,ZEITSTEMPEL) values ('10','1','21','22.10.03','1','19.09.03');
Insert into LIEFERUNGEN (LIEFER_NR,LIEF_NR,TNR,LIEF_DATUM,MENGE,ZEITSTEMPEL) values ('11','1','22','22.10.03','1','20.09.03');
Insert into LIEFERUNGEN (LIEFER_NR,LIEF_NR,TNR,LIEF_DATUM,MENGE,ZEITSTEMPEL) values ('12','1','23','22.10.03','1','21.09.03');
Insert into LIEFERUNGEN (LIEFER_NR,LIEF_NR,TNR,LIEF_DATUM,MENGE,ZEITSTEMPEL) values ('13','1','24','22.10.03','1','22.09.03');
Insert into LIEFERUNGEN (LIEFER_NR,LIEF_NR,TNR,LIEF_DATUM,MENGE,ZEITSTEMPEL) values ('14','2','12','21.10.03','2','10.09.03');
Insert into LIEFERUNGEN (LIEFER_NR,LIEF_NR,TNR,LIEF_DATUM,MENGE,ZEITSTEMPEL) values ('15','2','13','21.10.03','2','11.09.03');
Insert into LIEFERUNGEN (LIEFER_NR,LIEF_NR,TNR,LIEF_DATUM,MENGE,ZEITSTEMPEL) values ('16','2','14','21.10.03','2','12.09.03');
Insert into LIEFERUNGEN (LIEFER_NR,LIEF_NR,TNR,LIEF_DATUM,MENGE,ZEITSTEMPEL) values ('17','2','15','21.10.03','2','13.09.03');
Insert into LIEFERUNGEN (LIEFER_NR,LIEF_NR,TNR,LIEF_DATUM,MENGE,ZEITSTEMPEL) values ('18','2','16','21.10.03','2','14.09.03');
Insert into LIEFERUNGEN (LIEFER_NR,LIEF_NR,TNR,LIEF_DATUM,MENGE,ZEITSTEMPEL) values ('19','2','17','21.10.03','2','15.09.03');
Insert into LIEFERUNGEN (LIEFER_NR,LIEF_NR,TNR,LIEF_DATUM,MENGE,ZEITSTEMPEL) values ('20','2','18','21.10.03','2','16.09.03');
Insert into LIEFERUNGEN (LIEFER_NR,LIEF_NR,TNR,LIEF_DATUM,MENGE,ZEITSTEMPEL) values ('21','2','19','21.10.03','2','17.09.03');
Insert into LIEFERUNGEN (LIEFER_NR,LIEF_NR,TNR,LIEF_DATUM,MENGE,ZEITSTEMPEL) values ('22','2','20','21.10.03','2','18.09.03');
Insert into LIEFERUNGEN (LIEFER_NR,LIEF_NR,TNR,LIEF_DATUM,MENGE,ZEITSTEMPEL) values ('23','2','21','21.10.03','2','19.09.03');
Insert into LIEFERUNGEN (LIEFER_NR,LIEF_NR,TNR,LIEF_DATUM,MENGE,ZEITSTEMPEL) values ('24','2','22','21.10.03','2','20.09.03');
Insert into LIEFERUNGEN (LIEFER_NR,LIEF_NR,TNR,LIEF_DATUM,MENGE,ZEITSTEMPEL) values ('25','2','23','21.10.03','2','21.09.03');
Insert into LIEFERUNGEN (LIEFER_NR,LIEF_NR,TNR,LIEF_DATUM,MENGE,ZEITSTEMPEL) values ('26','2','24','21.10.03','2','22.09.03');
Insert into LIEFERUNGEN (LIEFER_NR,LIEF_NR,TNR,LIEF_DATUM,MENGE,ZEITSTEMPEL) values ('27','2','25','21.10.03','2','23.09.03');
Insert into LIEFERUNGEN (LIEFER_NR,LIEF_NR,TNR,LIEF_DATUM,MENGE,ZEITSTEMPEL) values ('28','2','26','21.10.03','2','24.09.03');
Insert into LIEFERUNGEN (LIEFER_NR,LIEF_NR,TNR,LIEF_DATUM,MENGE,ZEITSTEMPEL) values ('29','2','27','21.10.03','2','25.09.03');
Insert into LIEFERUNGEN (LIEFER_NR,LIEF_NR,TNR,LIEF_DATUM,MENGE,ZEITSTEMPEL) values ('30','2','28','21.10.03','2','26.09.03');
Insert into LIEFERUNGEN (LIEFER_NR,LIEF_NR,TNR,LIEF_DATUM,MENGE,ZEITSTEMPEL) values ('31','2','29','21.10.03','2','27.09.03');
Insert into LIEFERUNGEN (LIEFER_NR,LIEF_NR,TNR,LIEF_DATUM,MENGE,ZEITSTEMPEL) values ('32','2','30','21.10.03','2','28.09.03');
Insert into LIEFERUNGEN (LIEFER_NR,LIEF_NR,TNR,LIEF_DATUM,MENGE,ZEITSTEMPEL) values ('33','2','33','21.10.03','2','01.10.03');
Insert into LIEFERUNGEN (LIEFER_NR,LIEF_NR,TNR,LIEF_DATUM,MENGE,ZEITSTEMPEL) values ('34','2','34','21.10.03','2','02.10.03');
Insert into LIEFERUNGEN (LIEFER_NR,LIEF_NR,TNR,LIEF_DATUM,MENGE,ZEITSTEMPEL) values ('35','2','35','21.10.03','2','03.10.03');
Insert into LIEFERUNGEN (LIEFER_NR,LIEF_NR,TNR,LIEF_DATUM,MENGE,ZEITSTEMPEL) values ('36','2','36','21.10.03','2','04.10.03');
Insert into LIEFERUNGEN (LIEFER_NR,LIEF_NR,TNR,LIEF_DATUM,MENGE,ZEITSTEMPEL) values ('37','2','37','21.10.03','2','05.10.03');
Insert into LIEFERUNGEN (LIEFER_NR,LIEF_NR,TNR,LIEF_DATUM,MENGE,ZEITSTEMPEL) values ('38','2','38','21.10.03','2','06.10.03');
Insert into LIEFERUNGEN (LIEFER_NR,LIEF_NR,TNR,LIEF_DATUM,MENGE,ZEITSTEMPEL) values ('39','2','39','21.10.03','2','07.10.03');
Insert into LIEFERUNGEN (LIEFER_NR,LIEF_NR,TNR,LIEF_DATUM,MENGE,ZEITSTEMPEL) values ('40','2','40','21.10.03','2','08.10.03');
Insert into LIEFERUNGEN (LIEFER_NR,LIEF_NR,TNR,LIEF_DATUM,MENGE,ZEITSTEMPEL) values ('41','2','42','21.10.03','2','10.10.03');
Insert into LIEFERUNGEN (LIEFER_NR,LIEF_NR,TNR,LIEF_DATUM,MENGE,ZEITSTEMPEL) values ('42','2','43','21.10.03','2','11.10.03');
Insert into LIEFERUNGEN (LIEFER_NR,LIEF_NR,TNR,LIEF_DATUM,MENGE,ZEITSTEMPEL) values ('43','2','44','21.10.03','2','12.10.03');
Insert into LIEFERUNGEN (LIEFER_NR,LIEF_NR,TNR,LIEF_DATUM,MENGE,ZEITSTEMPEL) values ('44','2','45','21.10.03','2','13.10.03');
Insert into LIEFERUNGEN (LIEFER_NR,LIEF_NR,TNR,LIEF_DATUM,MENGE,ZEITSTEMPEL) values ('45','2','46','21.10.03','2','14.10.03');
Insert into LIEFERUNGEN (LIEFER_NR,LIEF_NR,TNR,LIEF_DATUM,MENGE,ZEITSTEMPEL) values ('46','2','47','21.10.03','2','15.10.03');
Insert into LIEFERUNGEN (LIEFER_NR,LIEF_NR,TNR,LIEF_DATUM,MENGE,ZEITSTEMPEL) values ('47','2','48','21.10.03','2','16.10.03');
Insert into LIEFERUNGEN (LIEFER_NR,LIEF_NR,TNR,LIEF_DATUM,MENGE,ZEITSTEMPEL) values ('48','2','49','21.10.03','2','17.10.03');
Insert into LIEFERUNGEN (LIEFER_NR,LIEF_NR,TNR,LIEF_DATUM,MENGE,ZEITSTEMPEL) values ('49','2','50','21.10.03','2','18.10.03');
Insert into LIEFERUNGEN (LIEFER_NR,LIEF_NR,TNR,LIEF_DATUM,MENGE,ZEITSTEMPEL) values ('50','2','51','21.10.03','2','19.10.03');
Insert into LIEFERUNGEN (LIEFER_NR,LIEF_NR,TNR,LIEF_DATUM,MENGE,ZEITSTEMPEL) values ('51','2','52','21.10.03','2','20.10.03');
Insert into LIEFERUNGEN (LIEFER_NR,LIEF_NR,TNR,LIEF_DATUM,MENGE,ZEITSTEMPEL) values ('52','2','53','21.10.03','2','21.10.03');

Insert into ORTE (ORT,STRASSE,PLZ) values ('Gladbeck','Agathastr.',null);
Insert into ORTE (ORT,STRASSE,PLZ) values ('Gummersbach','Loh',null);
Insert into ORTE (ORT,STRASSE,PLZ) values ('Gummersbach','Luisenstr',null);
Insert into ORTE (ORT,STRASSE,PLZ) values ('Koln','Auf dem Hugel',null);
Insert into ORTE (ORT,STRASSE,PLZ) values ('Koln','Bahnhofstr.',null);
Insert into ORTE (ORT,STRASSE,PLZ) values ('Koln','Belaweg',null);
Insert into ORTE (ORT,STRASSE,PLZ) values ('Koln','Bennstr',null);
Insert into ORTE (ORT,STRASSE,PLZ) values ('Bergisch Gladbach','Burgstr.',null);
Insert into ORTE (ORT,STRASSE,PLZ) values ('Bergisch Gladbach','Erntestr.',null);
Insert into ORTE (ORT,STRASSE,PLZ) values ('Bergisch Gladbach','Falkenstr.',null);
Insert into ORTE (ORT,STRASSE,PLZ) values ('Bergisch Gladbach','Fichtenweg',null);
Insert into ORTE (ORT,STRASSE,PLZ) values ('Bergisch Gladbach','Grubenfeld',null);
Insert into ORTE (ORT,STRASSE,PLZ) values ('Dortmund','Bedastr.',null);
Insert into ORTE (ORT,STRASSE,PLZ) values ('Dortmund','Planckstr.',null);
Insert into ORTE (ORT,STRASSE,PLZ) values ('Dortmund','Plutostr.',null);
Insert into ORTE (ORT,STRASSE,PLZ) values ('Dortmund','Prellerstr.',null);
Insert into ORTE (ORT,STRASSE,PLZ) values ('Leverkusen','Netzestr.',null);
Insert into ORTE (ORT,STRASSE,PLZ) values ('Leverkusen','Quarzstr.',null);

Insert into STRUKTUR (OTEIL,UTEIL,POSITION,MENGE,AUSSCHUSS,ARBEITSGANG,ZEITSTEMPEL) values ('2','4','3','20','0','0','29.08.03');
Insert into STRUKTUR (OTEIL,UTEIL,POSITION,MENGE,AUSSCHUSS,ARBEITSGANG,ZEITSTEMPEL) values ('1','5','4','1','0','0','29.08.03');
Insert into STRUKTUR (OTEIL,UTEIL,POSITION,MENGE,AUSSCHUSS,ARBEITSGANG,ZEITSTEMPEL) values ('1','24','5','1','0','0','29.08.03');
Insert into STRUKTUR (OTEIL,UTEIL,POSITION,MENGE,AUSSCHUSS,ARBEITSGANG,ZEITSTEMPEL) values ('1','8','7','1','0','0','29.08.03');
Insert into STRUKTUR (OTEIL,UTEIL,POSITION,MENGE,AUSSCHUSS,ARBEITSGANG,ZEITSTEMPEL) values ('1','9','8','2','0','5','29.08.03');
Insert into STRUKTUR (OTEIL,UTEIL,POSITION,MENGE,AUSSCHUSS,ARBEITSGANG,ZEITSTEMPEL) values ('1','10','9','1','0','0','29.08.03');
Insert into STRUKTUR (OTEIL,UTEIL,POSITION,MENGE,AUSSCHUSS,ARBEITSGANG,ZEITSTEMPEL) values ('1','16','11','1','0','0','29.08.03');
Insert into STRUKTUR (OTEIL,UTEIL,POSITION,MENGE,AUSSCHUSS,ARBEITSGANG,ZEITSTEMPEL) values ('1','17','12','1','0','0','29.08.03');
Insert into STRUKTUR (OTEIL,UTEIL,POSITION,MENGE,AUSSCHUSS,ARBEITSGANG,ZEITSTEMPEL) values ('1','18','13','1','0','0','29.08.03');
Insert into STRUKTUR (OTEIL,UTEIL,POSITION,MENGE,AUSSCHUSS,ARBEITSGANG,ZEITSTEMPEL) values ('1','19','14','1','0','0','29.08.03');
Insert into STRUKTUR (OTEIL,UTEIL,POSITION,MENGE,AUSSCHUSS,ARBEITSGANG,ZEITSTEMPEL) values ('1','20','15','1','0','0','29.08.03');
Insert into STRUKTUR (OTEIL,UTEIL,POSITION,MENGE,AUSSCHUSS,ARBEITSGANG,ZEITSTEMPEL) values ('1','21','16','1','0','0','29.08.03');
Insert into STRUKTUR (OTEIL,UTEIL,POSITION,MENGE,AUSSCHUSS,ARBEITSGANG,ZEITSTEMPEL) values ('1','22','17','1','0','0','29.08.03');
Insert into STRUKTUR (OTEIL,UTEIL,POSITION,MENGE,AUSSCHUSS,ARBEITSGANG,ZEITSTEMPEL) values ('1','23','18','1','0','0','29.08.03');
Insert into STRUKTUR (OTEIL,UTEIL,POSITION,MENGE,AUSSCHUSS,ARBEITSGANG,ZEITSTEMPEL) values ('11','12','1','50','0','0','29.08.03');
Insert into STRUKTUR (OTEIL,UTEIL,POSITION,MENGE,AUSSCHUSS,ARBEITSGANG,ZEITSTEMPEL) values ('11','13','2','50','0','0','29.08.03');
Insert into STRUKTUR (OTEIL,UTEIL,POSITION,MENGE,AUSSCHUSS,ARBEITSGANG,ZEITSTEMPEL) values ('11','14','3','50','0','0','29.08.03');
Insert into STRUKTUR (OTEIL,UTEIL,POSITION,MENGE,AUSSCHUSS,ARBEITSGANG,ZEITSTEMPEL) values ('11','15','4','2','0','0','29.08.03');
Insert into STRUKTUR (OTEIL,UTEIL,POSITION,MENGE,AUSSCHUSS,ARBEITSGANG,ZEITSTEMPEL) values ('31','32','1','1','0','0','29.08.03');
Insert into STRUKTUR (OTEIL,UTEIL,POSITION,MENGE,AUSSCHUSS,ARBEITSGANG,ZEITSTEMPEL) values ('32','33','2','10','0','0','29.08.03');
Insert into STRUKTUR (OTEIL,UTEIL,POSITION,MENGE,AUSSCHUSS,ARBEITSGANG,ZEITSTEMPEL) values ('32','34','3','20','0','0','29.08.03');
Insert into STRUKTUR (OTEIL,UTEIL,POSITION,MENGE,AUSSCHUSS,ARBEITSGANG,ZEITSTEMPEL) values ('31','35','4','1','0','0','29.08.03');
Insert into STRUKTUR (OTEIL,UTEIL,POSITION,MENGE,AUSSCHUSS,ARBEITSGANG,ZEITSTEMPEL) values ('31','44','5','1','0','0','29.08.03');
Insert into STRUKTUR (OTEIL,UTEIL,POSITION,MENGE,AUSSCHUSS,ARBEITSGANG,ZEITSTEMPEL) values ('31','37','6','1','0','0','29.08.03');
Insert into STRUKTUR (OTEIL,UTEIL,POSITION,MENGE,AUSSCHUSS,ARBEITSGANG,ZEITSTEMPEL) values ('31','38','7','1','0','0','29.08.03');
Insert into STRUKTUR (OTEIL,UTEIL,POSITION,MENGE,AUSSCHUSS,ARBEITSGANG,ZEITSTEMPEL) values ('31','39','8','2','0','0','29.08.03');
Insert into STRUKTUR (OTEIL,UTEIL,POSITION,MENGE,AUSSCHUSS,ARBEITSGANG,ZEITSTEMPEL) values ('31','40','9','1','0','0','29.08.03');
Insert into STRUKTUR (OTEIL,UTEIL,POSITION,MENGE,AUSSCHUSS,ARBEITSGANG,ZEITSTEMPEL) values ('31','41','10','1','0','0','29.08.03');
Insert into STRUKTUR (OTEIL,UTEIL,POSITION,MENGE,AUSSCHUSS,ARBEITSGANG,ZEITSTEMPEL) values ('31','46','11','1','0','0','29.08.03');
Insert into STRUKTUR (OTEIL,UTEIL,POSITION,MENGE,AUSSCHUSS,ARBEITSGANG,ZEITSTEMPEL) values ('31','47','12','1','0','0','29.08.03');
Insert into STRUKTUR (OTEIL,UTEIL,POSITION,MENGE,AUSSCHUSS,ARBEITSGANG,ZEITSTEMPEL) values ('31','48','13','1','0','0','29.08.03');
Insert into STRUKTUR (OTEIL,UTEIL,POSITION,MENGE,AUSSCHUSS,ARBEITSGANG,ZEITSTEMPEL) values ('31','49','14','1','0','0','29.08.03');
Insert into STRUKTUR (OTEIL,UTEIL,POSITION,MENGE,AUSSCHUSS,ARBEITSGANG,ZEITSTEMPEL) values ('31','50','15','1','0','0','29.08.03');
Insert into STRUKTUR (OTEIL,UTEIL,POSITION,MENGE,AUSSCHUSS,ARBEITSGANG,ZEITSTEMPEL) values ('31','51','16','1','0','0','29.08.03');
Insert into STRUKTUR (OTEIL,UTEIL,POSITION,MENGE,AUSSCHUSS,ARBEITSGANG,ZEITSTEMPEL) values ('31','52','17','1','0','0','29.08.03');
Insert into STRUKTUR (OTEIL,UTEIL,POSITION,MENGE,AUSSCHUSS,ARBEITSGANG,ZEITSTEMPEL) values ('31','53','18','1','0','0','29.08.03');
Insert into STRUKTUR (OTEIL,UTEIL,POSITION,MENGE,AUSSCHUSS,ARBEITSGANG,ZEITSTEMPEL) values ('41','42','1','50','0','0','29.08.03');
Insert into STRUKTUR (OTEIL,UTEIL,POSITION,MENGE,AUSSCHUSS,ARBEITSGANG,ZEITSTEMPEL) values ('41','43','2','50','0','0','29.08.03');
Insert into STRUKTUR (OTEIL,UTEIL,POSITION,MENGE,AUSSCHUSS,ARBEITSGANG,ZEITSTEMPEL) values ('41','44','3','50','0','0','29.08.03');
Insert into STRUKTUR (OTEIL,UTEIL,POSITION,MENGE,AUSSCHUSS,ARBEITSGANG,ZEITSTEMPEL) values ('41','45','4','2','0','0','29.08.03');
Insert into STRUKTUR (OTEIL,UTEIL,POSITION,MENGE,AUSSCHUSS,ARBEITSGANG,ZEITSTEMPEL) values ('60','2','1','1','0','0','29.08.03');
Insert into STRUKTUR (OTEIL,UTEIL,POSITION,MENGE,AUSSCHUSS,ARBEITSGANG,ZEITSTEMPEL) values ('60','41','1','1','0','0','29.08.03');
Insert into STRUKTUR (OTEIL,UTEIL,POSITION,MENGE,AUSSCHUSS,ARBEITSGANG,ZEITSTEMPEL) values ('60','62','1','1','0','0','29.08.03');
Insert into STRUKTUR (OTEIL,UTEIL,POSITION,MENGE,AUSSCHUSS,ARBEITSGANG,ZEITSTEMPEL) values ('62','49','1','1','0','0','29.08.03');
Insert into STRUKTUR (OTEIL,UTEIL,POSITION,MENGE,AUSSCHUSS,ARBEITSGANG,ZEITSTEMPEL) values ('62','40','1','1','0','0','29.08.03');
Insert into STRUKTUR (OTEIL,UTEIL,POSITION,MENGE,AUSSCHUSS,ARBEITSGANG,ZEITSTEMPEL) values ('40','34','1','1','0','0','29.08.03');
Insert into STRUKTUR (OTEIL,UTEIL,POSITION,MENGE,AUSSCHUSS,ARBEITSGANG,ZEITSTEMPEL) values ('40','3','1','1','0','0','29.08.03');

Insert into TEILE (TNR,ME,BEZEICHNUNG,TYP,HERSTELLKOSTEN,EINKAUFSPREIS,MINDESTBESTAND,BESTAND,LIEFERZEIT,HERSTELLDAUER,GEWICHT,RESERVIERT,VERFUEGBAR,ZEITSTEMPEL) values ('1','Stuck','Rocky Mountain Element Race','Artikel','2600','0','10','8000','20','20','2','0','0','29.08.03');
Insert into TEILE (TNR,ME,BEZEICHNUNG,TYP,HERSTELLKOSTEN,EINKAUFSPREIS,MINDESTBESTAND,BESTAND,LIEFERZEIT,HERSTELLDAUER,GEWICHT,RESERVIERT,VERFUEGBAR,ZEITSTEMPEL) values ('2','Stuck','Rahmen Element Race','Baugruppe','300','0','10','10','10','10','1','0','0','29.08.03');
Insert into TEILE (TNR,ME,BEZEICHNUNG,TYP,HERSTELLKOSTEN,EINKAUFSPREIS,MINDESTBESTAND,BESTAND,LIEFERZEIT,HERSTELLDAUER,GEWICHT,RESERVIERT,VERFUEGBAR,ZEITSTEMPEL) values ('3','kg','Silberfarbe','Material','0','2','10','10','10','10','1','0','0','29.08.03');
Insert into TEILE (TNR,ME,BEZEICHNUNG,TYP,HERSTELLKOSTEN,EINKAUFSPREIS,MINDESTBESTAND,BESTAND,LIEFERZEIT,HERSTELLDAUER,GEWICHT,RESERVIERT,VERFUEGBAR,ZEITSTEMPEL) values ('4','kg','Sintermetall','Material','0','5','10','10','10','10','1','0','0','29.08.03');
Insert into TEILE (TNR,ME,BEZEICHNUNG,TYP,HERSTELLKOSTEN,EINKAUFSPREIS,MINDESTBESTAND,BESTAND,LIEFERZEIT,HERSTELLDAUER,GEWICHT,RESERVIERT,VERFUEGBAR,ZEITSTEMPEL) values ('5','Stuck','Gabel SID XC','Material','0','1230','10','10','10','10','1','0','0','29.08.03');
Insert into TEILE (TNR,ME,BEZEICHNUNG,TYP,HERSTELLKOSTEN,EINKAUFSPREIS,MINDESTBESTAND,BESTAND,LIEFERZEIT,HERSTELLDAUER,GEWICHT,RESERVIERT,VERFUEGBAR,ZEITSTEMPEL) values ('24','Stuck','Tretlager Race Face','Material','0','18','10','10','10','10','1','0','0','29.08.03');
Insert into TEILE (TNR,ME,BEZEICHNUNG,TYP,HERSTELLKOSTEN,EINKAUFSPREIS,MINDESTBESTAND,BESTAND,LIEFERZEIT,HERSTELLDAUER,GEWICHT,RESERVIERT,VERFUEGBAR,ZEITSTEMPEL) values ('7','Stuck','Kurbelsatz Race Face','Material','0','18','10','10','10','10','1','0','0','29.08.03');
Insert into TEILE (TNR,ME,BEZEICHNUNG,TYP,HERSTELLKOSTEN,EINKAUFSPREIS,MINDESTBESTAND,BESTAND,LIEFERZEIT,HERSTELLDAUER,GEWICHT,RESERVIERT,VERFUEGBAR,ZEITSTEMPEL) values ('8','Stuck','Schaltwerk XTR','Material','0','150','10','10','10','10','1','0','0','29.08.03');
Insert into TEILE (TNR,ME,BEZEICHNUNG,TYP,HERSTELLKOSTEN,EINKAUFSPREIS,MINDESTBESTAND,BESTAND,LIEFERZEIT,HERSTELLDAUER,GEWICHT,RESERVIERT,VERFUEGBAR,ZEITSTEMPEL) values ('9','Stuck','Pedale Shimano 747','Material','0','5','10','10','10','10','1','0','0','29.08.03');
Insert into TEILE (TNR,ME,BEZEICHNUNG,TYP,HERSTELLKOSTEN,EINKAUFSPREIS,MINDESTBESTAND,BESTAND,LIEFERZEIT,HERSTELLDAUER,GEWICHT,RESERVIERT,VERFUEGBAR,ZEITSTEMPEL) values ('10','Stuck','Schalthebel Grip Shift','Material','0','79','10','10','10','10','1','0','0','29.08.03');
Insert into TEILE (TNR,ME,BEZEICHNUNG,TYP,HERSTELLKOSTEN,EINKAUFSPREIS,MINDESTBESTAND,BESTAND,LIEFERZEIT,HERSTELLDAUER,GEWICHT,RESERVIERT,VERFUEGBAR,ZEITSTEMPEL) values ('11','Stuck','Rad xtr','Baugruppe','50','0','10','10','10','10','1','0','0','29.08.03');
Insert into TEILE (TNR,ME,BEZEICHNUNG,TYP,HERSTELLKOSTEN,EINKAUFSPREIS,MINDESTBESTAND,BESTAND,LIEFERZEIT,HERSTELLDAUER,GEWICHT,RESERVIERT,VERFUEGBAR,ZEITSTEMPEL) values ('12','Stuck','Naben Mavic Crossmax','Material','0','0,5','10','10','10','10','1','0','0','29.08.03');
Insert into TEILE (TNR,ME,BEZEICHNUNG,TYP,HERSTELLKOSTEN,EINKAUFSPREIS,MINDESTBESTAND,BESTAND,LIEFERZEIT,HERSTELLDAUER,GEWICHT,RESERVIERT,VERFUEGBAR,ZEITSTEMPEL) values ('13','Stuck','Felgen Mavic Crossmax','Material','0','0,6','10','10','10','10','1','0','0','29.08.03');
Insert into TEILE (TNR,ME,BEZEICHNUNG,TYP,HERSTELLKOSTEN,EINKAUFSPREIS,MINDESTBESTAND,BESTAND,LIEFERZEIT,HERSTELLDAUER,GEWICHT,RESERVIERT,VERFUEGBAR,ZEITSTEMPEL) values ('14','Stuck','Speichen Mavic Crossmax','Material','0','0,5','10','10','10','10','1','0','0','29.08.03');
Insert into TEILE (TNR,ME,BEZEICHNUNG,TYP,HERSTELLKOSTEN,EINKAUFSPREIS,MINDESTBESTAND,BESTAND,LIEFERZEIT,HERSTELLDAUER,GEWICHT,RESERVIERT,VERFUEGBAR,ZEITSTEMPEL) values ('15','Stuck','Bereifung Richtey, Vo: Z-Max ','Material','0','22','10','10','10','10','1','0','0','29.08.03');
Insert into TEILE (TNR,ME,BEZEICHNUNG,TYP,HERSTELLKOSTEN,EINKAUFSPREIS,MINDESTBESTAND,BESTAND,LIEFERZEIT,HERSTELLDAUER,GEWICHT,RESERVIERT,VERFUEGBAR,ZEITSTEMPEL) values ('16','Stuck','Steuersatz Chris King','Material','0','28','10','10','10','10','1','0','0','29.08.03');
Insert into TEILE (TNR,ME,BEZEICHNUNG,TYP,HERSTELLKOSTEN,EINKAUFSPREIS,MINDESTBESTAND,BESTAND,LIEFERZEIT,HERSTELLDAUER,GEWICHT,RESERVIERT,VERFUEGBAR,ZEITSTEMPEL) values ('17','Stuck','Vorbau Control Tech','Material','0','28','10','10','10','10','1','0','0','29.08.03');
Insert into TEILE (TNR,ME,BEZEICHNUNG,TYP,HERSTELLKOSTEN,EINKAUFSPREIS,MINDESTBESTAND,BESTAND,LIEFERZEIT,HERSTELLDAUER,GEWICHT,RESERVIERT,VERFUEGBAR,ZEITSTEMPEL) values ('18','Stuck','Lenker Answer Hyperlite','Material','0','109','10','10','10','10','1','0','0','29.08.03');
Insert into TEILE (TNR,ME,BEZEICHNUNG,TYP,HERSTELLKOSTEN,EINKAUFSPREIS,MINDESTBESTAND,BESTAND,LIEFERZEIT,HERSTELLDAUER,GEWICHT,RESERVIERT,VERFUEGBAR,ZEITSTEMPEL) values ('19','Stuck','Griffe LGrip Shift ','Material','0','10','10','10','10','10','1','0','0','29.08.03');
Insert into TEILE (TNR,ME,BEZEICHNUNG,TYP,HERSTELLKOSTEN,EINKAUFSPREIS,MINDESTBESTAND,BESTAND,LIEFERZEIT,HERSTELLDAUER,GEWICHT,RESERVIERT,VERFUEGBAR,ZEITSTEMPEL) values ('20','Stuck','Bremshebel XTR','Material','0','11','10','10','10','10','1','0','0','29.08.03');
Insert into TEILE (TNR,ME,BEZEICHNUNG,TYP,HERSTELLKOSTEN,EINKAUFSPREIS,MINDESTBESTAND,BESTAND,LIEFERZEIT,HERSTELLDAUER,GEWICHT,RESERVIERT,VERFUEGBAR,ZEITSTEMPEL) values ('21','Stuck','Bremsen XTR','Material','0','110','10','10','10','10','1','0','0','29.08.03');
Insert into TEILE (TNR,ME,BEZEICHNUNG,TYP,HERSTELLKOSTEN,EINKAUFSPREIS,MINDESTBESTAND,BESTAND,LIEFERZEIT,HERSTELLDAUER,GEWICHT,RESERVIERT,VERFUEGBAR,ZEITSTEMPEL) values ('22','Stuck','Sattel Flite','Material','0','60','10','10','10','10','1','0','0','29.08.03');
Insert into TEILE (TNR,ME,BEZEICHNUNG,TYP,HERSTELLKOSTEN,EINKAUFSPREIS,MINDESTBESTAND,BESTAND,LIEFERZEIT,HERSTELLDAUER,GEWICHT,RESERVIERT,VERFUEGBAR,ZEITSTEMPEL) values ('28','Stuck','Bremse Shimano Alivio Cantilever ','Material','0','29','10','10','10','10','1','0','0','29.08.03');
Insert into TEILE (TNR,ME,BEZEICHNUNG,TYP,HERSTELLKOSTEN,EINKAUFSPREIS,MINDESTBESTAND,BESTAND,LIEFERZEIT,HERSTELLDAUER,GEWICHT,RESERVIERT,VERFUEGBAR,ZEITSTEMPEL) values ('23','Stuck','Sattelstutze Syncros','Material','0','28','10','10','10','10','1','0','0','29.08.03');
Insert into TEILE (TNR,ME,BEZEICHNUNG,TYP,HERSTELLKOSTEN,EINKAUFSPREIS,MINDESTBESTAND,BESTAND,LIEFERZEIT,HERSTELLDAUER,GEWICHT,RESERVIERT,VERFUEGBAR,ZEITSTEMPEL) values ('25','Stuck','Bremse Shimano XTR V-Brake ','Material','0','149','10','10','10','10','1','0','0','29.08.03');
Insert into TEILE (TNR,ME,BEZEICHNUNG,TYP,HERSTELLKOSTEN,EINKAUFSPREIS,MINDESTBESTAND,BESTAND,LIEFERZEIT,HERSTELLDAUER,GEWICHT,RESERVIERT,VERFUEGBAR,ZEITSTEMPEL) values ('26','Stuck','GABEL TOP GUN ','Material','0','299','10','10','10','10','1','0','0','29.08.03');
Insert into TEILE (TNR,ME,BEZEICHNUNG,TYP,HERSTELLKOSTEN,EINKAUFSPREIS,MINDESTBESTAND,BESTAND,LIEFERZEIT,HERSTELLDAUER,GEWICHT,RESERVIERT,VERFUEGBAR,ZEITSTEMPEL) values ('27','Stuck','Shimano STX-RC i','Material','0','69','10','10','10','10','1','0','0','29.08.03');
Insert into TEILE (TNR,ME,BEZEICHNUNG,TYP,HERSTELLKOSTEN,EINKAUFSPREIS,MINDESTBESTAND,BESTAND,LIEFERZEIT,HERSTELLDAUER,GEWICHT,RESERVIERT,VERFUEGBAR,ZEITSTEMPEL) values ('29','Stuck','Rahmen Cannondale CAD3 Headshok','Material','0','1590','10','10','10','10','1','0','0','29.08.03');
Insert into TEILE (TNR,ME,BEZEICHNUNG,TYP,HERSTELLKOSTEN,EINKAUFSPREIS,MINDESTBESTAND,BESTAND,LIEFERZEIT,HERSTELLDAUER,GEWICHT,RESERVIERT,VERFUEGBAR,ZEITSTEMPEL) values ('30','Stuck','Rahmen Super V','Material','0','2590','10','10','10','10','1','0','0','29.08.03');
Insert into TEILE (TNR,ME,BEZEICHNUNG,TYP,HERSTELLKOSTEN,EINKAUFSPREIS,MINDESTBESTAND,BESTAND,LIEFERZEIT,HERSTELLDAUER,GEWICHT,RESERVIERT,VERFUEGBAR,ZEITSTEMPEL) values ('31','Stuck','Herrenrad GT-LTS 18','Artikel','3000','0','10','4000','20','20','2','0','0','29.08.03');
Insert into TEILE (TNR,ME,BEZEICHNUNG,TYP,HERSTELLKOSTEN,EINKAUFSPREIS,MINDESTBESTAND,BESTAND,LIEFERZEIT,HERSTELLDAUER,GEWICHT,RESERVIERT,VERFUEGBAR,ZEITSTEMPEL) values ('32','Stuck','Rahmen GT-LTS 18"','Baugruppe','300','0','10','10','10','10','1','0','0','29.08.03');
Insert into TEILE (TNR,ME,BEZEICHNUNG,TYP,HERSTELLKOSTEN,EINKAUFSPREIS,MINDESTBESTAND,BESTAND,LIEFERZEIT,HERSTELLDAUER,GEWICHT,RESERVIERT,VERFUEGBAR,ZEITSTEMPEL) values ('33','kg','Vb-Farbe','Material','0','2','10','10','10','10','1','0','0','29.08.03');
Insert into TEILE (TNR,ME,BEZEICHNUNG,TYP,HERSTELLKOSTEN,EINKAUFSPREIS,MINDESTBESTAND,BESTAND,LIEFERZEIT,HERSTELLDAUER,GEWICHT,RESERVIERT,VERFUEGBAR,ZEITSTEMPEL) values ('34','kg','Aluminium','Material','0','8','10','10','10','10','1','0','0','29.08.03');
Insert into TEILE (TNR,ME,BEZEICHNUNG,TYP,HERSTELLKOSTEN,EINKAUFSPREIS,MINDESTBESTAND,BESTAND,LIEFERZEIT,HERSTELLDAUER,GEWICHT,RESERVIERT,VERFUEGBAR,ZEITSTEMPEL) values ('35','Stuck','RST Hi-5','Material','0','30','10','10','10','10','1','0','0','29.08.03');
Insert into TEILE (TNR,ME,BEZEICHNUNG,TYP,HERSTELLKOSTEN,EINKAUFSPREIS,MINDESTBESTAND,BESTAND,LIEFERZEIT,HERSTELLDAUER,GEWICHT,RESERVIERT,VERFUEGBAR,ZEITSTEMPEL) values ('36','Stuck','Race Face (TITAN)','Material','0','18','10','10','10','10','1','0','0','29.08.03');
Insert into TEILE (TNR,ME,BEZEICHNUNG,TYP,HERSTELLKOSTEN,EINKAUFSPREIS,MINDESTBESTAND,BESTAND,LIEFERZEIT,HERSTELLDAUER,GEWICHT,RESERVIERT,VERFUEGBAR,ZEITSTEMPEL) values ('37','Stuck','Kurbelsatz Ritchey Logic','Material','0','19','10','10','10','10','1','0','0','29.08.03');
Insert into TEILE (TNR,ME,BEZEICHNUNG,TYP,HERSTELLKOSTEN,EINKAUFSPREIS,MINDESTBESTAND,BESTAND,LIEFERZEIT,HERSTELLDAUER,GEWICHT,RESERVIERT,VERFUEGBAR,ZEITSTEMPEL) values ('38','Stuck','Schaltwerk XTR inverse','Material','0','252','10','10','10','10','1','0','0','29.08.03');
Insert into TEILE (TNR,ME,BEZEICHNUNG,TYP,HERSTELLKOSTEN,EINKAUFSPREIS,MINDESTBESTAND,BESTAND,LIEFERZEIT,HERSTELLDAUER,GEWICHT,RESERVIERT,VERFUEGBAR,ZEITSTEMPEL) values ('39','Stuck','Pedale XT','Material','0','9','10','10','10','10','1','0','0','29.08.03');
Insert into TEILE (TNR,ME,BEZEICHNUNG,TYP,HERSTELLKOSTEN,EINKAUFSPREIS,MINDESTBESTAND,BESTAND,LIEFERZEIT,HERSTELLDAUER,GEWICHT,RESERVIERT,VERFUEGBAR,ZEITSTEMPEL) values ('40','Stuck','Schalthebel Grip Shift 4','Material','0','9','10','10','10','10','1','0','0','29.08.03');
Insert into TEILE (TNR,ME,BEZEICHNUNG,TYP,HERSTELLKOSTEN,EINKAUFSPREIS,MINDESTBESTAND,BESTAND,LIEFERZEIT,HERSTELLDAUER,GEWICHT,RESERVIERT,VERFUEGBAR,ZEITSTEMPEL) values ('41','Stuck','Rad XTR 47','Baugruppe','60','0','10','10','10','10','1','0','0','29.08.03');
Insert into TEILE (TNR,ME,BEZEICHNUNG,TYP,HERSTELLKOSTEN,EINKAUFSPREIS,MINDESTBESTAND,BESTAND,LIEFERZEIT,HERSTELLDAUER,GEWICHT,RESERVIERT,VERFUEGBAR,ZEITSTEMPEL) values ('42','Stuck','Naben Inferno','Material','0','0,5','10','10','10','10','1','0','0','29.08.03');
Insert into TEILE (TNR,ME,BEZEICHNUNG,TYP,HERSTELLKOSTEN,EINKAUFSPREIS,MINDESTBESTAND,BESTAND,LIEFERZEIT,HERSTELLDAUER,GEWICHT,RESERVIERT,VERFUEGBAR,ZEITSTEMPEL) values ('43','Stuck','Felgen Inferno','Material','0','0,6','10','10','10','10','1','0','0','29.08.03');
Insert into TEILE (TNR,ME,BEZEICHNUNG,TYP,HERSTELLKOSTEN,EINKAUFSPREIS,MINDESTBESTAND,BESTAND,LIEFERZEIT,HERSTELLDAUER,GEWICHT,RESERVIERT,VERFUEGBAR,ZEITSTEMPEL) values ('44','Stuck','Speichen Mavic Crossmax','Material','0','0,5','10','10','10','10','1','0','0','29.08.03');
Insert into TEILE (TNR,ME,BEZEICHNUNG,TYP,HERSTELLKOSTEN,EINKAUFSPREIS,MINDESTBESTAND,BESTAND,LIEFERZEIT,HERSTELLDAUER,GEWICHT,RESERVIERT,VERFUEGBAR,ZEITSTEMPEL) values ('45','Stuck','Bereifung Continental ','Material','0','22','10','10','10','10','1','0','0','29.08.03');
Insert into TEILE (TNR,ME,BEZEICHNUNG,TYP,HERSTELLKOSTEN,EINKAUFSPREIS,MINDESTBESTAND,BESTAND,LIEFERZEIT,HERSTELLDAUER,GEWICHT,RESERVIERT,VERFUEGBAR,ZEITSTEMPEL) values ('46','Stuck','Steuersatz Race Face','Material','0','28','10','10','10','10','1','0','0','29.08.03');
Insert into TEILE (TNR,ME,BEZEICHNUNG,TYP,HERSTELLKOSTEN,EINKAUFSPREIS,MINDESTBESTAND,BESTAND,LIEFERZEIT,HERSTELLDAUER,GEWICHT,RESERVIERT,VERFUEGBAR,ZEITSTEMPEL) values ('47','Stuck','Vorbau Syncros','Material','0','70','10','10','10','10','1','0','0','29.08.03');
Insert into TEILE (TNR,ME,BEZEICHNUNG,TYP,HERSTELLKOSTEN,EINKAUFSPREIS,MINDESTBESTAND,BESTAND,LIEFERZEIT,HERSTELLDAUER,GEWICHT,RESERVIERT,VERFUEGBAR,ZEITSTEMPEL) values ('48','Stuck','Lenker Syncros (Downhill)','Material','0','140','10','10','10','10','1','0','0','29.08.03');
Insert into TEILE (TNR,ME,BEZEICHNUNG,TYP,HERSTELLKOSTEN,EINKAUFSPREIS,MINDESTBESTAND,BESTAND,LIEFERZEIT,HERSTELLDAUER,GEWICHT,RESERVIERT,VERFUEGBAR,ZEITSTEMPEL) values ('49','Stuck','Griffe LGrip Shift ','Material','0','10','10','10','10','10','1','0','0','29.08.03');
Insert into TEILE (TNR,ME,BEZEICHNUNG,TYP,HERSTELLKOSTEN,EINKAUFSPREIS,MINDESTBESTAND,BESTAND,LIEFERZEIT,HERSTELLDAUER,GEWICHT,RESERVIERT,VERFUEGBAR,ZEITSTEMPEL) values ('50','Stuck','Bremshebel TWP G-Force','Material','0','17','10','10','10','10','1','0','0','29.08.03');
Insert into TEILE (TNR,ME,BEZEICHNUNG,TYP,HERSTELLKOSTEN,EINKAUFSPREIS,MINDESTBESTAND,BESTAND,LIEFERZEIT,HERSTELLDAUER,GEWICHT,RESERVIERT,VERFUEGBAR,ZEITSTEMPEL) values ('51','Stuck','Bremsen Magura Race Line','Material','0','150','10','10','10','10','1','0','0','29.08.03');
Insert into TEILE (TNR,ME,BEZEICHNUNG,TYP,HERSTELLKOSTEN,EINKAUFSPREIS,MINDESTBESTAND,BESTAND,LIEFERZEIT,HERSTELLDAUER,GEWICHT,RESERVIERT,VERFUEGBAR,ZEITSTEMPEL) values ('52','Stuck','Sattel Selle Flite Titanium','Material','0','80','10','10','10','10','1','0','0','29.08.03');
Insert into TEILE (TNR,ME,BEZEICHNUNG,TYP,HERSTELLKOSTEN,EINKAUFSPREIS,MINDESTBESTAND,BESTAND,LIEFERZEIT,HERSTELLDAUER,GEWICHT,RESERVIERT,VERFUEGBAR,ZEITSTEMPEL) values ('53','Stuck','Sattelstutze XTR','Material','0','30','10','10','10','10','1','0','0','29.08.03');
Insert into TEILE (TNR,ME,BEZEICHNUNG,TYP,HERSTELLKOSTEN,EINKAUFSPREIS,MINDESTBESTAND,BESTAND,LIEFERZEIT,HERSTELLDAUER,GEWICHT,RESERVIERT,VERFUEGBAR,ZEITSTEMPEL) values ('54','Stuck','Klapprad Prompton P3','Artikel','0','1200','10','1000','10','10','0','0','0','29.08.03');
Insert into TEILE (TNR,ME,BEZEICHNUNG,TYP,HERSTELLKOSTEN,EINKAUFSPREIS,MINDESTBESTAND,BESTAND,LIEFERZEIT,HERSTELLDAUER,GEWICHT,RESERVIERT,VERFUEGBAR,ZEITSTEMPEL) values ('55','Stuck','CANNONDALE FSL','Artikel','0','4200','10','2000','10','10','0','0','0','29.08.03');
Insert into TEILE (TNR,ME,BEZEICHNUNG,TYP,HERSTELLKOSTEN,EINKAUFSPREIS,MINDESTBESTAND,BESTAND,LIEFERZEIT,HERSTELLDAUER,GEWICHT,RESERVIERT,VERFUEGBAR,ZEITSTEMPEL) values ('56','Stuck','HERCULES NEPAL','Artikel','0','1200','10','2000','10','10','0','0','0','29.08.03');
Insert into TEILE (TNR,ME,BEZEICHNUNG,TYP,HERSTELLKOSTEN,EINKAUFSPREIS,MINDESTBESTAND,BESTAND,LIEFERZEIT,HERSTELLDAUER,GEWICHT,RESERVIERT,VERFUEGBAR,ZEITSTEMPEL) values ('57','Stuck','Steppenwolf TAO','Artikel','0','1600','10','2000','10','10','0','0','0','29.08.03');
Insert into TEILE (TNR,ME,BEZEICHNUNG,TYP,HERSTELLKOSTEN,EINKAUFSPREIS,MINDESTBESTAND,BESTAND,LIEFERZEIT,HERSTELLDAUER,GEWICHT,RESERVIERT,VERFUEGBAR,ZEITSTEMPEL) values ('58','Stuck','SWITCHBACK AGENT','Artikel','0','599','10','2697','10','10','0','0','0','29.08.03');
Insert into TEILE (TNR,ME,BEZEICHNUNG,TYP,HERSTELLKOSTEN,EINKAUFSPREIS,MINDESTBESTAND,BESTAND,LIEFERZEIT,HERSTELLDAUER,GEWICHT,RESERVIERT,VERFUEGBAR,ZEITSTEMPEL) values ('59','Stuck','STEVENS R.P.R.2 RX100 8FACH','Artikel','0','1700','10','10','10','10','0','0','0','29.08.03');
Insert into TEILE (TNR,ME,BEZEICHNUNG,TYP,HERSTELLKOSTEN,EINKAUFSPREIS,MINDESTBESTAND,BESTAND,LIEFERZEIT,HERSTELLDAUER,GEWICHT,RESERVIERT,VERFUEGBAR,ZEITSTEMPEL) values ('60','Stuck','Scott ATACAMA TOUR','Artikel','0','1899','10','899','10','10','0','0','0','29.08.03');
Insert into TEILE (TNR,ME,BEZEICHNUNG,TYP,HERSTELLKOSTEN,EINKAUFSPREIS,MINDESTBESTAND,BESTAND,LIEFERZEIT,HERSTELLDAUER,GEWICHT,RESERVIERT,VERFUEGBAR,ZEITSTEMPEL) values ('61','Stuck','ROTWILD RCC-03','Artikel','0','3280','10','1000','10','10','0','0','0','29.08.03');
Insert into TEILE (TNR,ME,BEZEICHNUNG,TYP,HERSTELLKOSTEN,EINKAUFSPREIS,MINDESTBESTAND,BESTAND,LIEFERZEIT,HERSTELLDAUER,GEWICHT,RESERVIERT,VERFUEGBAR,ZEITSTEMPEL) values ('62','Stuck','Lenker','Baugruppe','0','280','10','10','10','10','0','0','0','29.08.03');

Insert into TEILE_WERKE (TNR,WNR) values ('2','1');
Insert into TEILE_WERKE (TNR,WNR) values ('2','2');
Insert into TEILE_WERKE (TNR,WNR) values ('11','1');
Insert into TEILE_WERKE (TNR,WNR) values ('32','1');
Insert into TEILE_WERKE (TNR,WNR) values ('41','1');
Insert into TEILE_WERKE (TNR,WNR) values ('41','2');

Insert into WERKE (WNR,BEZEICHNUNG,ORT,STRASSE) values ('1','Montagewerk','Gladbeck','Adlerstr.');
Insert into WERKE (WNR,BEZEICHNUNG,ORT,STRASSE) values ('2','Vorfertigung','Gladbeck','Am Pferdekamp');